1,77.162167,4.000000,30
0,661.018910,4.000000,30
0,103.004854,4.000000,42
1,71.007042,4.000000,42
0,66.219333,4.000000,42
0,508.062988,4.000000,24
0,205.755583,4.200000,24
1,67.475922,4.200000,24
1,90.422121,4.200000,36
0,73.061618,4.200000,46
1,60.474457,4.200000,46
1,90.134677,4.200000,35
0,102.481706,4.200000,35
0,363.401376,4.200000,38
0,212.202356,4.200000,38
1,77.806426,4.200000,38
1,62.002620,4.410000,34
0,68.748923,4.410000,34
1,76.838587,4.410000,46
1,55.710833,4.410000,34
0,80.882987,4.410000,34
0,187.962660,4.410000,42
1,68.897258,4.410000,42
0,181.962748,4.410000,38
1,67.307429,4.410000,38
0,101.682053,4.410000,38
0,190.970473,4.410000,44
1,75.224092,4.630500,44
0,104.845814,4.630500,44
0,184.151891,4.630500,50
1,77.743452,4.630500,50
0,109.390461,4.630500,50
1,57.940029,4.630500,36
0,120.554754,4.630500,36
1,50.127581,4.630500,20
1,71.360752,4.630500,41
1,61.707972,4.630500,25
1,78.976455,4.630500,21
1,84.262246,4.630500,31
0,99.240668,4.630500,31
0,451.358838,4.862025,22
0,276.382775,4.862025,22
0,101.602696,4.862025,22
1,77.418088,4.862025,22
0,296.401722,4.862025,41
1,72.749868,4.862025,41
0,91.006201,4.862025,41
1,70.587879,4.862025,46
0,99.373845,4.862025,46
1,44.522376,4.862025,25
1,60.419236,4.862025,36
0,104.719129,4.862025,36
1,84.494785,5.105126,47
1,75.231829,5.105126,50
0,175.040733,5.105126,33
1,67.888368,5.105126,33
0,338.121828,5.105126,25
0,108.567322,5.105126,25
1,88.206882,5.105126,25
0,142.863965,5.105126,48
1,91.843839,5.105126,48
0,105.650441,5.105126,23
1,78.964858,5.360383,23
0,88.573712,5.360383,27
1,77.885827,5.360383,27
0,85.919671,5.360383,33
1,69.854943,5.360383,33
0,339.065938,5.360383,41
0,97.849632,5.360383,41
1,92.489323,5.360383,41
1,59.679157,5.360383,26
1,103.473000,5.360383,34
0,92.686218,5.360383,34
1,86.353305,5.360383,26
0,78.220039,5.360383,26
0,336.022937,5.628402,47
1,88.424330,5.628402,47
1,118.778259,5.628402,49
0,107.651734,5.628402,49
1,94.328985,5.628402,44
0,322.457803,5.628402,46
1,80.478510,5.628402,46
0,319.450109,5.628402,44
1,99.956193,5.628402,44
0,293.290599,5.909822,35
1,68.752185,5.909822,35
0,297.131185,5.909822,46
1,90.322114,5.909822,46
0,99.984109,5.909822,46
1,99.001743,5.909822,40
0,115.155065,5.909822,40
1,82.773788,5.909822,41
0,100.333001,5.909822,41
1,108.646251,6.205313,32
0,90.008676,6.205313,32
1,77.484275,6.205313,24
0,498.433419,6.205313,49
1,107.572559,6.205313,49
1,110.118532,6.205313,30
0,0.000000,0.000000,48
0,496.929204,6.205313,48
1,112.254997,6.205313,48
1,103.022084,6.205313,46
0,0.000000,0.000000,42
0,487.914130,6.205313,42
0,152.829482,6.205313,42
1,103.188553,6.205313,42
1,95.479704,6.205313,41
0,161.875639,6.205313,48
1,112.254997,6.205313,48
0,484.913105,6.205313,40
0,149.826211,6.205313,40
1,106.389021,6.205313,40
0,160.364410,6.205313,47
1,79.733998,6.205313,47
0,163.388191,6.205313,49
1,88.976324,6.205313,49
1,60.231901,6.205313,34
0,142.348166,6.205313,35
1,90.236221,6.515579,35
0,447.213548,6.515579,26
1,63.128924,6.515579,26
1,108.846235,6.515579,35
0,0.000000,0.000000,48
0,480.175421,6.515579,48
1,102.333413,6.515579,48
0,116.317521,6.515579,40
1,83.739629,6.515579,40
1,113.612080,6.515579,25
0,0.000000,0.000000,32
0,456.176298,6.515579,32
1,117.416831,6.515579,32
0,105.859082,6.515579,32
1,102.333413,6.515579,48
1,97.703543,6.515579,23
0,0.000000,0.000000,47
0,478.671557,6.515579,47
1,94.304600,6.515579,47
0,97.035470,6.515579,27
1,90.535578,6.515579,27
0,463.661187,6.515579,37
1,98.146270,6.841357,37
1,89.808011,6.841357,20
0,78.531451,6.841357,20
0,450.566699,6.841357,40
1,115.340184,6.841357,40
0,96.910413,6.841357,40
1,82.414197,6.841357,27
0,70.632327,6.841357,27
1,77.050082,6.841357,28
1,81.994261,6.841357,22
0,0.000000,0.000000,42
1,90.980251,6.841357,42
0,84.139340,6.841357,42
0,438.584940,6.841357,32
1,110.254125,6.841357,32
0,96.971267,6.841357,32
1,100.970804,6.841357,21
1,83.432939,6.841357,23
0,0.000000,0.000000,37
0,446.069221,6.841357,37
1,124.531933,6.841357,37
0,107.577542,6.841357,37
1,97.169048,6.841357,37
0,82.115331,6.841357,37
1,103.096072,6.841357,50
1,100.054743,6.841357,48
0,93.219256,6.841357,48
1,105.080554,7.183425,25
0,0.000000,0.000000,44
0,373.449561,7.183425,44
1,100.493948,7.183425,44
0,383.488471,7.183425,45
1,94.823581,7.183425,45
0,391.994350,7.183425,50
1,88.065822,7.183425,50
1,63.844538,7.183425,29
0,0.000000,0.000000,49
0,380.970784,7.183425,49
1,151.141601,7.183425,49
0,71.752837,7.183425,49
1,109.614909,7.183425,26
0,374.348200,7.183425,44
1,114.858309,7.183425,44
1,109.186094,7.183425,45
0,0.000000,0.000000,24
0,343.537367,7.183425,24
1,142.532984,7.183425,24
0,337.592346,7.183425,20
1,129.511515,7.183425,20
0,339.077314,7.183425,21
1,116.645521,7.183425,21
1,108.840895,7.183425,40
0,0.000000,0.000000,35
0,337.325680,7.542597,35
1,126.148487,7.542597,35
0,355.333654,7.542597,47
1,121.546325,7.542597,47
0,322.403663,7.542597,25
1,111.376521,7.542597,25
0,346.316777,7.542597,41
1,89.869524,7.542597,41
1,117.252778,7.542597,29
0,0.000000,0.000000,48
1,92.911679,7.542597,48
0,0.000000,0.000000,45
0,352.325286,7.542597,45
1,133.604508,7.542597,45
0,355.333654,7.542597,47
1,98.930065,7.542597,47
1,67.264680,7.542597,46
0,0.000000,0.000000,37
0,340.319722,7.542597,37
1,129.132424,7.542597,37
1,120.370020,7.542597,26
0,0.000000,0.000000,31
1,135.283769,7.542597,31
0,0.000000,0.000000,50
0,359.851154,7.542597,50
1,141.169689,7.542597,50
1,100.939639,7.542597,23
0,0.000000,0.000000,34
0,335.829816,7.542597,34
1,147.282059,7.542597,34
0,349.319637,7.542597,43
1,130.589731,7.542597,43
1,126.081116,7.542597,40
0,0.000000,0.000000,24
1,109.915232,7.542597,24
0,0.000000,0.000000,35
0,337.325680,7.542597,35
1,133.689686,7.542597,35
0,325.381346,7.542597,27
1,106.779138,7.542597,27
0,344.816416,7.542597,40
1,110.995922,7.542597,40
0,353.829134,7.542597,46
1,82.337611,7.542597,46
0,342.434907,7.542597,34
1,139.741111,7.542597,34
1,137.089844,7.542597,22
0,0.000000,0.000000,37
0,340.319722,7.542597,37
1,129.132424,7.542597,37
0,338.822319,7.542597,36
1,112.556289,7.542597,36
0,319.429528,7.542597,23
1,137.425830,7.919726,23
0,318.058809,7.919726,38
1,127.987710,7.919726,38
1,126.068043,7.919726,42
0,0.000000,0.000000,43
1,119.653753,7.919726,43
0,0.000000,0.000000,38
0,0.000000,0.000000,27
0,224.594078,4.000000,27
0,80.761996,4.000000,27
1,72.790796,4.000000,27
0,253.017786,4.000000,46
0,109.041277,4.000000,46
1,83.853682,4.200000,46
0,49.049363,4.200000,46
1,63.271162,4.200000,46
0,61.408143,4.200000,38
1,63.075352,4.200000,23
0,67.370171,4.200000,23
1,86.823038,4.200000,44
0,80.131143,4.200000,44
1,64.723721,4.200000,32
0,67.007462,4.200000,42
1,54.409190,4.200000,42
0,201.750192,4.200000,31
1,84.220306,4.200000,31
0,101.027224,4.200000,31
0,74.582169,4.200000,47
1,65.773189,4.410000,47
0,194.192146,4.410000,31
1,79.607289,4.410000,31
0,108.434286,4.410000,31
1,72.130975,4.410000,25
1,55.722003,4.410000,31
0,89.814907,4.410000,31
1,69.025288,4.410000,45
1,70.713329,4.410000,49
0,80.039615,4.410000,49
1,76.643267,4.410000,50
0,88.212471,4.410000,50
0,200.022503,4.410000,50
1,76.643267,4.410000,50
0,162.633027,4.410000,25
1,65.649320,4.630500,25
1,70.130784,4.630500,24
0,126.740021,4.630500,24
1,68.541420,4.630500,47
0,106.284049,4.630500,47
0,130.922997,4.630500,25
1,66.306532,4.630500,25
0,117.164543,4.630500,25
1,73.334070,4.630500,33
0,115.029431,4.630500,33
1,80.514344,4.630500,44
0,114.245788,4.630500,44
1,69.187009,4.630500,27
1,78.680266,4.630500,24
0,98.420019,4.630500,24
1,82.445425,4.862025,34
0,94.495978,4.862025,34
1,78.411875,4.862025,27
0,83.088117,4.862025,27
0,93.303482,4.862025,22
1,64.328938,4.862025,22
0,270.444276,4.862025,22
0,93.303482,4.862025,22
1,69.146490,4.862025,22
1,74.254884,4.862025,42
0,89.722545,4.862025,42
1,93.058207,4.862025,48
0,65.300644,4.862025,48
1,67.622095,4.862025,31
0,112.639447,4.862025,23
1,54.198076,5.105126,23
0,213.393394,5.105126,22
1,55.676832,5.105126,22
0,126.087855,5.105126,22
1,82.247691,5.105126,46
1,80.676362,5.105126,44
1,105.650441,5.105126,23
0,111.497583,5.105126,27
1,70.766097,5.105126,27
0,597.774546,5.105126,45
0,368.047128,5.105126,45
0,138.330549,5.105126,45
1,74.025593,5.360383,45
0,100.032826,5.360383,27
1,94.684413,5.360383,27
1,81.329087,5.360383,33
1,85.011501,5.360383,36
1,80.267206,5.360383,40
0,0.000000,0.000000,21
0,285.102168,5.628402,21
1,49.471682,5.628402,21
0,49.081270,5.628402,21
1,91.728449,5.628402,46
0,78.917070,5.628402,46
1,95.076417,5.628402,37
0,93.802602,5.628402,37
0,325.468429,5.628402,48
1,77.896941,5.628402,48
0,72.276543,5.628402,48
1,97.646181,5.909822,34
0,108.089749,5.909822,34
1,117.458280,5.909822,28
0,126.128970,5.909822,28
1,78.368837,5.909822,42
0,93.454445,5.909822,42
1,91.626325,5.909822,23
1,88.807474,5.909822,45
0,100.003999,5.909822,45
1,101.854007,5.909822,30
0,124.207355,5.909822,30
0,270.182670,5.909822,28
1,75.331246,5.909822,28
1,105.409979,6.205313,34
0,95.193154,6.205313,34
1,106.939703,6.205313,48
0,483.413364,6.205313,39
1,80.069330,6.205313,39
1,105.124064,6.205313,35
0,0.000000,0.000000,28
0,466.951655,6.205313,28
0,131.962683,6.205313,28
1,100.978061,6.205313,28
0,142.348166,6.205313,35
1,111.327720,6.205313,35
0,157.346073,6.205313,45
1,82.900161,6.205313,45
0,134.918891,6.205313,30
1,85.330323,6.205313,30
0,148.327053,6.205313,39
1,80.069330,6.205313,39
0,155.839045,6.205313,44
1,112.406815,6.205313,44
1,90.797996,6.205313,21
0,146.829616,6.205313,38
1,78.574133,6.205313,38
0,481.914143,6.205313,38
0,146.829616,6.205313,38
1,78.574133,6.205313,38
0,124.616438,6.205313,23
1,81.334394,6.205313,23
1,83.069274,6.205313,41
0,149.826211,6.205313,40
1,104.217161,6.515579,40
0,442.740362,6.515579,23
1,104.195959,6.515579,23
0,93.563199,6.515579,23
1,95.574211,6.515579,26
0,95.574211,6.515579,26
1,114.275399,6.515579,21
0,119.321712,6.515579,42
1,93.260569,6.515579,42
1,114.275399,6.515579,21
0,101.302355,6.515579,21
0,442.740362,6.515579,23
0,91.214430,6.515579,23
1,84.729378,6.515579,23
1,125.809050,6.515579,20
1,99.156349,6.515579,24
0,92.663503,6.515579,24
0,471.159822,6.515579,42
1,99.775797,6.515579,42
0,119.321712,6.515579,42
1,106.291068,6.515579,42
0,102.915950,6.515579,31
1,89.899061,6.515579,31
0,472.661141,6.515579,43
0,120.826832,6.515579,43
1,94.767079,6.515579,43
0,114.818610,6.515579,39
1,82.241149,6.515579,39
1,100.613026,6.515579,25
1,110.077037,6.841357,43
0,103.236357,6.841357,43
1,90.241392,6.841357,23
0,82.929638,6.841357,23
0,459.576490,6.841357,46
1,131.215841,6.841357,46
1,103.859449,6.841357,46
0,90.802144,6.841357,46
0,443.073752,6.841357,35
0,73.675825,6.841357,35
1,60.002786,6.841357,35
1,107.676045,6.841357,44
0,90.929802,6.841357,44
1,109.358474,6.841357,36
0,93.112982,6.841357,36
1,84.876686,6.841357,24
0,75.267690,6.841357,24
1,98.506930,6.841357,24
0,91.914227,6.841357,24
1,85.924077,6.841357,20
0,81.139536,6.841357,20
1,59.111127,6.841357,25
0,59.111127,6.841357,25
0,88.668648,6.841357,45
1,81.830238,6.841357,45
1,91.224636,6.841357,33
0,77.339038,6.841357,33
1,97.821224,6.841357,42
1,99.327439,6.841357,43
0,86.540908,6.841357,43
0,462.583993,6.841357,48
1,100.054743,6.841357,48
0,93.219256,6.841357,48
0,98.220450,7.183425,48
1,116.650395,7.183425,28
1,85.792076,7.183425,39
0,0.000000,0.000000,35
1,108.553112,7.183425,35
0,0.000000,0.000000,35
1,94.190653,7.183425,35
0,0.000000,0.000000,48
1,142.447343,7.183425,48
0,0.000000,0.000000,28
0,349.495712,7.183425,28
1,134.075766,7.183425,28
0,352.479671,7.183425,30
1,101.147977,7.183425,30
0,348.819326,7.183425,24
1,78.068448,7.183425,24
1,74.800527,7.183425,46
0,0.000000,0.000000,47
0,377.960412,7.183425,47
1,126.572721,7.183425,47
0,382.594963,7.183425,48
1,107.984839,7.542597,48
1,97.412013,7.542597,41
0,0.000000,0.000000,27
0,325.381346,7.542597,27
1,129.372297,7.542597,27
1,130.589731,7.542597,43
0,0.000000,0.000000,26
0,323.892067,7.542597,26
1,127.900604,7.542597,26
1,132.200352,7.542597,34
0,0.000000,0.000000,20
0,314.975199,7.542597,20
1,119.129359,7.542597,20
1,106.468274,7.542597,47
0,0.000000,0.000000,23
0,319.429528,7.542597,23
1,115.978209,7.542597,23
0,334.334737,7.542597,33
1,77.946752,7.542597,33
1,115.505663,7.542597,43
0,0.000000,0.000000,44
0,350.822117,7.542597,44
1,154.721832,7.542597,44
1,104.105109,7.542597,20
0,0.000000,0.000000,28
0,326.871488,7.542597,28
1,145.917508,7.542597,28
0,353.829134,7.542597,46
1,135.114425,7.542597,46
0,358.344672,7.542597,49
1,117.039867,7.542597,49
1,121.542633,7.542597,42
0,0.000000,0.000000,31
0,331.346975,7.542597,31
1,82.533498,7.542597,31
0,328.580234,7.542597,28
1,108.247529,7.542597,28
0,338.822319,7.542597,36
1,127.639382,7.542597,36
0,350.822117,7.542597,44
1,109.471597,7.542597,44
1,109.915232,7.542597,24
0,0.000000,0.000000,30
0,329.854314,7.542597,30
1,126.265345,7.542597,30
0,352.325286,7.542597,45
1,118.522292,7.542597,45
0,337.325680,7.542597,35
1,118.607466,7.542597,35
0,326.871488,7.542597,28
1,93.189278,7.542597,28
1,111.673132,7.919726,27
0,0.000000,0.000000,30
0,306.098076,7.919726,30
1,116.091527,7.919726,30
1,98.797560,7.919726,29
0,0.000000,0.000000,43
1,135.492107,7.919726,43
0,0.000000,0.000000,20
1,140.937650,7.919726,20
0,0.000000,0.000000,28
1,128.962907,7.919726,28
0,0.000000,0.000000,45
1,114.751860,7.919726,45
0,0.000000,0.000000,45
1,146.424873,7.919726,45
0,0.000000,0.000000,30
1,116.091527,7.919726,30
0,0.000000,0.000000,27
0,301.627282,7.919726,27
0,661.018910,4.000000,30
1,77.162167,4.000000,30
0,103.004854,4.000000,42
1,71.007042,4.000000,42
0,66.219333,4.000000,42
0,508.062988,4.000000,24
0,205.755583,4.200000,24
1,67.475922,4.200000,24
1,90.422121,4.200000,36
0,73.061618,4.200000,46
1,60.474457,4.200000,46
1,90.134677,4.200000,35
0,102.481706,4.200000,35
0,363.401376,4.200000,38
0,212.202356,4.200000,38
1,77.806426,4.200000,38
1,62.002620,4.410000,34
0,68.748923,4.410000,34
1,76.838587,4.410000,46
1,55.710833,4.410000,34
0,80.882987,4.410000,34
0,187.962660,4.410000,42
1,68.897258,4.410000,42
0,181.962748,4.410000,38
1,67.307429,4.410000,38
0,101.682053,4.410000,38
0,190.970473,4.410000,44
1,75.224092,4.630500,44
0,104.845814,4.630500,44
0,184.151891,4.630500,50
1,77.743452,4.630500,50
0,109.390461,4.630500,50
1,57.940029,4.630500,36
0,120.554754,4.630500,36
1,50.127581,4.630500,20
1,71.360752,4.630500,41
1,61.707972,4.630500,25
1,78.976455,4.630500,21
1,84.262246,4.630500,31
0,99.240668,4.630500,31
0,451.358838,4.862025,22
0,276.382775,4.862025,22
0,101.602696,4.862025,22
1,77.418088,4.862025,22
0,296.401722,4.862025,41
1,72.749868,4.862025,41
0,91.006201,4.862025,41
1,70.587879,4.862025,46
0,99.373845,4.862025,46
1,44.522376,4.862025,25
1,60.419236,4.862025,36
0,104.719129,4.862025,36
1,84.494785,5.105126,47
1,75.231829,5.105126,50
0,175.040733,5.105126,33
1,67.888368,5.105126,33
0,338.121828,5.105126,25
0,108.567322,5.105126,25
1,88.206882,5.105126,25
0,142.863965,5.105126,48
1,91.843839,5.105126,48
0,105.650441,5.105126,23
1,78.964858,5.360383,23
0,88.573712,5.360383,27
1,77.885827,5.360383,27
0,85.919671,5.360383,33
1,69.854943,5.360383,33
0,339.065938,5.360383,41
0,97.849632,5.360383,41
1,92.489323,5.360383,41
1,59.679157,5.360383,26
1,103.473000,5.360383,34
0,92.686218,5.360383,34
1,86.353305,5.360383,26
0,78.220039,5.360383,26
0,336.022937,5.628402,47
1,88.424330,5.628402,47
1,118.778259,5.628402,49
0,107.651734,5.628402,49
1,94.328985,5.628402,44
0,322.457803,5.628402,46
1,80.478510,5.628402,46
0,319.450109,5.628402,44
1,99.956193,5.628402,44
0,293.290599,5.909822,35
1,68.752185,5.909822,35
0,297.131185,5.909822,46
1,90.322114,5.909822,46
0,99.984109,5.909822,46
1,99.001743,5.909822,40
0,115.155065,5.909822,40
1,82.773788,5.909822,41
0,100.333001,5.909822,41
1,108.646251,6.205313,32
0,90.008676,6.205313,32
1,77.484275,6.205313,24
0,498.433419,6.205313,49
1,107.572559,6.205313,49
1,110.118532,6.205313,30
0,0.000000,0.000000,48
0,496.929204,6.205313,48
1,112.254997,6.205313,48
1,103.022084,6.205313,46
0,0.000000,0.000000,42
0,487.914130,6.205313,42
0,152.829482,6.205313,42
1,103.188553,6.205313,42
1,95.479704,6.205313,41
0,161.875639,6.205313,48
1,112.254997,6.205313,48
0,484.913105,6.205313,40
0,149.826211,6.205313,40
1,106.389021,6.205313,40
0,160.364410,6.205313,47
1,79.733998,6.205313,47
0,163.388191,6.205313,49
1,88.976324,6.205313,49
1,60.231901,6.205313,34
0,142.348166,6.205313,35
1,90.236221,6.515579,35
0,447.213548,6.515579,26
1,63.128924,6.515579,26
1,108.846235,6.515579,35
0,0.000000,0.000000,48
0,480.175421,6.515579,48
1,102.333413,6.515579,48
0,116.317521,6.515579,40
1,83.739629,6.515579,40
1,113.612080,6.515579,25
0,0.000000,0.000000,32
0,456.176298,6.515579,32
1,117.416831,6.515579,32
0,105.859082,6.515579,32
1,102.333413,6.515579,48
1,97.703543,6.515579,23
0,0.000000,0.000000,47
0,478.671557,6.515579,47
1,94.304600,6.515579,47
0,97.035470,6.515579,27
1,90.535578,6.515579,27
0,463.661187,6.515579,37
1,98.146270,6.841357,37
1,89.808011,6.841357,20
0,78.531451,6.841357,20
0,450.566699,6.841357,40
1,115.340184,6.841357,40
0,96.910413,6.841357,40
1,82.414197,6.841357,27
0,70.632327,6.841357,27
1,77.050082,6.841357,28
1,81.994261,6.841357,22
0,0.000000,0.000000,42
1,90.980251,6.841357,42
0,84.139340,6.841357,42
0,438.584940,6.841357,32
1,110.254125,6.841357,32
0,96.971267,6.841357,32
1,100.970804,6.841357,21
1,83.432939,6.841357,23
0,0.000000,0.000000,37
0,446.069221,6.841357,37
1,124.531933,6.841357,37
0,107.577542,6.841357,37
1,97.169048,6.841357,37
0,82.115331,6.841357,37
1,103.096072,6.841357,50
1,100.054743,6.841357,48
0,93.219256,6.841357,48
1,105.080554,7.183425,25
0,0.000000,0.000000,44
0,373.449561,7.183425,44
1,100.493948,7.183425,44
0,383.488471,7.183425,45
1,94.823581,7.183425,45
0,391.994350,7.183425,50
1,88.065822,7.183425,50
1,63.844538,7.183425,29
0,0.000000,0.000000,49
0,380.970784,7.183425,49
1,151.141601,7.183425,49
0,71.752837,7.183425,49
1,109.614909,7.183425,26
0,374.348200,7.183425,44
1,114.858309,7.183425,44
1,109.186094,7.183425,45
0,0.000000,0.000000,24
0,343.537367,7.183425,24
1,142.532984,7.183425,24
0,337.592346,7.183425,20
1,129.511515,7.183425,20
0,339.077314,7.183425,21
1,116.645521,7.183425,21
1,108.840895,7.183425,40
0,0.000000,0.000000,35
0,337.325680,7.542597,35
1,126.148487,7.542597,35
0,355.333654,7.542597,47
1,121.546325,7.542597,47
0,322.403663,7.542597,25
1,111.376521,7.542597,25
0,346.316777,7.542597,41
1,89.869524,7.542597,41
1,117.252778,7.542597,29
0,0.000000,0.000000,48
1,92.911679,7.542597,48
0,0.000000,0.000000,45
0,352.325286,7.542597,45
1,133.604508,7.542597,45
0,355.333654,7.542597,47
1,98.930065,7.542597,47
1,67.264680,7.542597,46
0,0.000000,0.000000,37
0,340.319722,7.542597,37
1,129.132424,7.542597,37
1,120.370020,7.542597,26
0,0.000000,0.000000,31
1,135.283769,7.542597,31
0,0.000000,0.000000,50
0,359.851154,7.542597,50
1,141.169689,7.542597,50
1,100.939639,7.542597,23
0,0.000000,0.000000,34
0,335.829816,7.542597,34
1,147.282059,7.542597,34
0,349.319637,7.542597,43
1,130.589731,7.542597,43
1,126.081116,7.542597,40
0,0.000000,0.000000,24
1,109.915232,7.542597,24
0,0.000000,0.000000,35
0,337.325680,7.542597,35
1,133.689686,7.542597,35
0,325.381346,7.542597,27
1,106.779138,7.542597,27
0,344.816416,7.542597,40
1,110.995922,7.542597,40
0,353.829134,7.542597,46
1,82.337611,7.542597,46
0,342.434907,7.542597,34
1,139.741111,7.542597,34
1,137.089844,7.542597,22
0,0.000000,0.000000,37
0,340.319722,7.542597,37
1,129.132424,7.542597,37
0,338.822319,7.542597,36
1,112.556289,7.542597,36
0,319.429528,7.542597,23
1,137.425830,7.919726,23
0,318.058809,7.919726,38
1,127.987710,7.919726,38
1,126.068043,7.919726,42
0,0.000000,0.000000,43
1,119.653753,7.919726,43
0,0.000000,0.000000,38
0,0.000000,0.000000,27
0,224.594078,4.000000,27
0,80.761996,4.000000,27
1,72.790796,4.000000,27
0,253.017786,4.000000,46
0,109.041277,4.000000,46
1,83.853682,4.200000,46
0,49.049363,4.200000,46
1,63.271162,4.200000,46
0,61.408143,4.200000,38
1,63.075352,4.200000,23
0,67.370171,4.200000,23
1,86.823038,4.200000,44
0,80.131143,4.200000,44
1,64.723721,4.200000,32
0,67.007462,4.200000,42
1,54.409190,4.200000,42
0,201.750192,4.200000,31
1,84.220306,4.200000,31
0,101.027224,4.200000,31
0,74.582169,4.200000,47
1,65.773189,4.410000,47
0,194.192146,4.410000,31
1,79.607289,4.410000,31
0,108.434286,4.410000,31
1,72.130975,4.410000,25
1,55.722003,4.410000,31
0,89.814907,4.410000,31
1,69.025288,4.410000,45
1,70.713329,4.410000,49
0,80.039615,4.410000,49
1,76.643267,4.410000,50
0,88.212471,4.410000,50
0,200.022503,4.410000,50
1,76.643267,4.410000,50
0,162.633027,4.410000,25
1,65.649320,4.630500,25
1,70.130784,4.630500,24
0,126.740021,4.630500,24
1,68.541420,4.630500,47
0,106.284049,4.630500,47
0,130.922997,4.630500,25
1,66.306532,4.630500,25
0,117.164543,4.630500,25
1,73.334070,4.630500,33
0,115.029431,4.630500,33
1,80.514344,4.630500,44
0,114.245788,4.630500,44
1,69.187009,4.630500,27
1,78.680266,4.630500,24
0,98.420019,4.630500,24
1,82.445425,4.862025,34
0,94.495978,4.862025,34
1,78.411875,4.862025,27
0,83.088117,4.862025,27
0,93.303482,4.862025,22
1,64.328938,4.862025,22
0,270.444276,4.862025,22
0,93.303482,4.862025,22
1,69.146490,4.862025,22
1,74.254884,4.862025,42
0,89.722545,4.862025,42
1,93.058207,4.862025,48
0,65.300644,4.862025,48
1,67.622095,4.862025,31
0,112.639447,4.862025,23
1,54.198076,5.105126,23
0,213.393394,5.105126,22
1,55.676832,5.105126,22
0,126.087855,5.105126,22
1,82.247691,5.105126,46
1,80.676362,5.105126,44
1,105.650441,5.105126,23
0,111.497583,5.105126,27
1,70.766097,5.105126,27
0,597.774546,5.105126,45
0,368.047128,5.105126,45
0,138.330549,5.105126,45
1,74.025593,5.360383,45
0,100.032826,5.360383,27
1,94.684413,5.360383,27
1,81.329087,5.360383,33
1,85.011501,5.360383,36
1,80.267206,5.360383,40
0,0.000000,0.000000,21
0,285.102168,5.628402,21
1,49.471682,5.628402,21
0,49.081270,5.628402,21
1,91.728449,5.628402,46
0,78.917070,5.628402,46
1,95.076417,5.628402,37
0,93.802602,5.628402,37
0,325.468429,5.628402,48
1,77.896941,5.628402,48
0,72.276543,5.628402,48
1,97.646181,5.909822,34
0,108.089749,5.909822,34
1,117.458280,5.909822,28
0,126.128970,5.909822,28
1,78.368837,5.909822,42
0,93.454445,5.909822,42
1,91.626325,5.909822,23
1,88.807474,5.909822,45
0,100.003999,5.909822,45
1,101.854007,5.909822,30
0,124.207355,5.909822,30
0,270.182670,5.909822,28
1,75.331246,5.909822,28
1,105.409979,6.205313,34
0,95.193154,6.205313,34
1,106.939703,6.205313,48
0,483.413364,6.205313,39
1,80.069330,6.205313,39
1,105.124064,6.205313,35
0,0.000000,0.000000,28
0,466.951655,6.205313,28
0,131.962683,6.205313,28
1,100.978061,6.205313,28
0,142.348166,6.205313,35
1,111.327720,6.205313,35
0,157.346073,6.205313,45
1,82.900161,6.205313,45
0,134.918891,6.205313,30
1,85.330323,6.205313,30
0,148.327053,6.205313,39
1,80.069330,6.205313,39
0,155.839045,6.205313,44
1,112.406815,6.205313,44
1,90.797996,6.205313,21
0,146.829616,6.205313,38
1,78.574133,6.205313,38
0,481.914143,6.205313,38
0,146.829616,6.205313,38
1,78.574133,6.205313,38
0,124.616438,6.205313,23
1,81.334394,6.205313,23
1,83.069274,6.205313,41
0,149.826211,6.205313,40
1,104.217161,6.515579,40
0,442.740362,6.515579,23
1,104.195959,6.515579,23
0,93.563199,6.515579,23
1,95.574211,6.515579,26
0,95.574211,6.515579,26
1,114.275399,6.515579,21
0,119.321712,6.515579,42
1,93.260569,6.515579,42
1,114.275399,6.515579,21
0,101.302355,6.515579,21
0,442.740362,6.515579,23
0,91.214430,6.515579,23
1,84.729378,6.515579,23
1,125.809050,6.515579,20
1,99.156349,6.515579,24
0,92.663503,6.515579,24
0,471.159822,6.515579,42
1,99.775797,6.515579,42
0,119.321712,6.515579,42
1,106.291068,6.515579,42
0,102.915950,6.515579,31
1,89.899061,6.515579,31
0,472.661141,6.515579,43
0,120.826832,6.515579,43
1,94.767079,6.515579,43
0,114.818610,6.515579,39
1,82.241149,6.515579,39
1,100.613026,6.515579,25
1,110.077037,6.841357,43
0,103.236357,6.841357,43
1,90.241392,6.841357,23
0,82.929638,6.841357,23
0,459.576490,6.841357,46
1,131.215841,6.841357,46
1,103.859449,6.841357,46
0,90.802144,6.841357,46
0,443.073752,6.841357,35
0,73.675825,6.841357,35
1,60.002786,6.841357,35
1,107.676045,6.841357,44
0,90.929802,6.841357,44
1,109.358474,6.841357,36
0,93.112982,6.841357,36
1,84.876686,6.841357,24
0,75.267690,6.841357,24
1,98.506930,6.841357,24
0,91.914227,6.841357,24
1,85.924077,6.841357,20
0,81.139536,6.841357,20
1,59.111127,6.841357,25
0,59.111127,6.841357,25
0,88.668648,6.841357,45
1,81.830238,6.841357,45
1,91.224636,6.841357,33
0,77.339038,6.841357,33
1,97.821224,6.841357,42
1,99.327439,6.841357,43
0,86.540908,6.841357,43
0,462.583993,6.841357,48
1,100.054743,6.841357,48
0,93.219256,6.841357,48
0,98.220450,7.183425,48
1,116.650395,7.183425,28
1,85.792076,7.183425,39
0,0.000000,0.000000,35
1,108.553112,7.183425,35
0,0.000000,0.000000,35
1,94.190653,7.183425,35
0,0.000000,0.000000,48
1,142.447343,7.183425,48
0,0.000000,0.000000,28
0,349.495712,7.183425,28
1,134.075766,7.183425,28
0,352.479671,7.183425,30
1,101.147977,7.183425,30
0,348.819326,7.183425,24
1,78.068448,7.183425,24
1,74.800527,7.183425,46
0,0.000000,0.000000,47
0,377.960412,7.183425,47
1,126.572721,7.183425,47
0,382.594963,7.183425,48
1,107.984839,7.542597,48
1,97.412013,7.542597,41
0,0.000000,0.000000,27
0,325.381346,7.542597,27
1,129.372297,7.542597,27
1,130.589731,7.542597,43
0,0.000000,0.000000,26
0,323.892067,7.542597,26
1,127.900604,7.542597,26
1,132.200352,7.542597,34
0,0.000000,0.000000,20
0,314.975199,7.542597,20
1,119.129359,7.542597,20
1,106.468274,7.542597,47
0,0.000000,0.000000,23
0,319.429528,7.542597,23
1,115.978209,7.542597,23
0,334.334737,7.542597,33
1,77.946752,7.542597,33
1,115.505663,7.542597,43
0,0.000000,0.000000,44
0,350.822117,7.542597,44
1,154.721832,7.542597,44
1,104.105109,7.542597,20
0,0.000000,0.000000,28
0,326.871488,7.542597,28
1,145.917508,7.542597,28
0,353.829134,7.542597,46
1,135.114425,7.542597,46
0,358.344672,7.542597,49
1,117.039867,7.542597,49
1,121.542633,7.542597,42
0,0.000000,0.000000,31
0,331.346975,7.542597,31
1,82.533498,7.542597,31
0,328.580234,7.542597,28
1,108.247529,7.542597,28
0,338.822319,7.542597,36
1,127.639382,7.542597,36
0,350.822117,7.542597,44
1,109.471597,7.542597,44
1,109.915232,7.542597,24
0,0.000000,0.000000,30
0,329.854314,7.542597,30
1,126.265345,7.542597,30
0,352.325286,7.542597,45
1,118.522292,7.542597,45
0,337.325680,7.542597,35
1,118.607466,7.542597,35
0,326.871488,7.542597,28
1,93.189278,7.542597,28
1,111.673132,7.919726,27
0,0.000000,0.000000,30
0,306.098076,7.919726,30
1,116.091527,7.919726,30
1,98.797560,7.919726,29
0,0.000000,0.000000,43
1,135.492107,7.919726,43
0,0.000000,0.000000,31
0,662.515283,4.000000,31
0,518.519527,4.000000,31
0,374.527035,4.000000,31
0,86.616973,4.000000,31
1,74.635782,4.000000,31
0,57.675818,4.000000,31
1,68.807703,4.000000,27
0,110.555416,4.000000,47
1,70.586826,4.000000,47
0,78.054468,4.000000,47
1,65.593445,4.000000,47
0,67.546280,4.000000,41
0,92.800000,4.200000,40
1,71.800000,4.200000,40
1,44.126409,4.200000,23
0,92.010108,4.200000,49
1,83.621170,4.200000,49
1,60.433104,4.200000,44
0,44.972214,4.200000,27
0,0.000000,0.000000,46
0,541.008318,4.000000,46
0,397.011335,4.000000,46
0,0.000000,0.000000,24
0,508.062988,4.000000,24
0,364.087901,4.000000,24
0,220.145406,4.000000,24
0,76.419893,4.000000,24
1,72.443081,4.000000,24
0,226.079632,4.000000,28
0,82.219219,4.000000,28
1,74.242845,4.000000,28
0,113.589172,4.000000,49
1,73.637626,4.000000,49
0,75.897958,4.000000,49
1,68.448083,4.200000,49
1,40.237545,4.200000,21
0,68.312956,4.200000,21
1,45.502747,4.200000,21
1,79.901564,4.200000,41
0,79.901564,4.200000,41
1,58.702129,4.200000,41
0,61.196732,4.200000,26
0,71.543693,4.200000,45
1,67.346418,4.200000,45
0,215.200000,4.200000,40
1,64.000000,4.200000,40
1,69.701793,4.200000,41
1,54.617396,4.200000,25
1,64.427346,4.410000,49
1,60.850000,4.410000,40
0,0.000000,0.000000,22
0,634.303853,4.410000,22
0,475.565169,4.410000,22
0,316.847847,4.410000,22
1,65.966829,4.410000,22
0,127.002520,4.410000,22
1,88.171052,4.410000,46
1,61.375191,4.410000,31
1,49.818546,4.630500,30
0,103.051641,4.630500,30
0,146.775744,4.630500,25
1,59.082463,4.630500,25
0,325.912137,4.630500,44
0,159.220562,4.630500,44
1,66.628024,4.630500,44
1,74.635075,4.630500,37
0,115.904660,4.630500,37
1,68.044490,4.630500,23
1,83.575188,4.630500,21
0,140.381114,4.862025,37
1,62.598674,4.862025,37
0,119.630898,4.862025,37
0,469.934200,4.862025,40
0,294.901300,4.862025,40
0,119.868400,4.862025,40
1,71.248150,4.862025,40
1,68.099061,4.862025,28
0,115.691342,4.862025,31
1,87.036708,4.862025,31
1,81.823041,4.862025,47
1,56.119649,4.862025,23
0,274.982011,4.862025,22
1,64.328938,5.105126,22
0,72.807940,5.105126,22
1,85.480108,5.105126,37
1,97.182344,5.105126,38
0,0.000000,0.000000,21
0,561.849640,5.105126,21
0,332.174513,5.105126,21
1,76.101331,5.360383,21
1,78.203582,5.360383,23
1,115.320132,5.360383,27
0,0.000000,0.000000,21
0,550.364782,5.360383,21
0,309.211540,5.360383,21
1,79.141370,5.360383,21
0,71.802849,5.360383,21
1,97.849632,5.360383,41
0,97.849632,5.360383,41
1,104.654695,5.628402,31
0,98.504412,5.628402,31
1,96.241538,5.628402,41
0,84.118169,5.628402,41
1,88.701929,5.628402,44
1,94.481607,5.628402,29
0,105.919543,5.628402,29
1,85.743741,5.628402,23
1,115.331142,5.628402,43
0,110.416992,5.628402,43
0,574.227366,5.628402,45
1,95.559068,5.909822,45
1,81.387034,5.909822,44
0,93.352974,5.909822,44
0,289.616472,5.909822,41
1,94.593243,5.909822,41
0,285.117794,5.909822,38
1,84.188039,5.909822,38
1,96.838764,6.205313,33
0,0.000000,0.000000,23
1,99.867347,6.205313,23
0,0.000000,0.000000,25
0,462.473924,6.205313,25
1,102.778970,6.205313,25
0,149.826211,6.205313,40
1,75.362456,6.205313,40
0,133.439606,6.205313,29
1,90.057126,6.205313,29
0,489.415404,6.205313,43
1,79.876542,6.205313,43
0,137.884243,6.205313,32
1,69.682670,6.205313,32
1,84.415781,6.205313,46
0,0.000000,0.000000,29
0,133.439606,6.205313,29
1,90.057126,6.205313,29
0,475.922561,6.205313,34
0,124.108130,6.515579,34
1,117.594561,6.515579,34
1,103.821208,6.515579,36
1,117.188506,6.515579,23
0,103.431485,6.515579,23
1,106.475246,6.515579,29
0,99.968933,6.515579,29
0,445.721865,6.515579,25
1,94.116828,6.515579,25
1,104.300751,6.515579,45
0,0.000000,0.000000,22
0,441.250555,6.515579,22
1,109.235646,6.515579,22
0,96.677917,6.515579,22
1,94.810251,6.515579,21
0,88.329876,6.515579,21
1,102.790245,6.515579,44
0,114.818610,6.515579,39
1,88.756616,6.515579,39
0,468.158761,6.515579,40
1,116.317521,6.515579,40
0,116.317521,6.515579,40
0,125.353425,6.515579,46
1,92.788139,6.515579,46
1,89.761913,6.515579,44
0,104.394182,6.515579,32
1,83.888867,6.841357,32
1,117.537119,6.841357,46
0,97.816304,6.841357,46
0,96.263337,6.841357,50
1,75.774468,6.841357,50
1,95.105348,6.841357,31
0,0.000000,0.000000,34
0,441.576890,6.841357,34
1,126.899723,6.841357,34
0,112.246278,6.841357,34
1,127.268154,6.841357,25
0,120.698489,6.841357,25
1,86.801596,6.841357,30
0,73.909582,6.841357,30
1,102.346650,6.841357,45
1,90.241392,6.841357,23
0,0.000000,0.000000,47
0,461.079983,6.841357,47
1,112.212067,6.841357,47
0,94.852145,6.841357,47
1,101.423392,6.841357,26
0,93.043138,6.841357,26
1,96.602406,7.183425,29
0,316.596889,7.183425,42
1,111.845365,7.183425,42
1,80.895012,7.183425,50
0,125.425814,7.183425,50
1,127.395096,7.183425,38
0,0.000000,0.000000,32
0,355.466712,7.183425,32
1,111.279660,7.183425,32
0,354.011420,7.183425,29
1,92.504545,7.183425,29
1,90.296156,7.183425,42
0,0.000000,0.000000,24
0,343.537367,7.183425,24
1,106.691524,7.183425,24
0,351.094365,7.183425,28
1,119.725035,7.183425,28
0,359.952888,7.183425,35
1,115.734750,7.183425,35
0,368.289848,7.183425,39
1,92.975389,7.183425,39
0,372.650971,7.183425,37
1,125.900107,7.183425,37
1,96.627793,7.183425,22
0,0.000000,0.000000,30
0,0.000000,0.000000,27
0,80.761996,4.000000,27
1,56.872665,4.000000,27
0,686.937042,4.000000,47
0,247.324766,4.200000,47
1,83.573321,4.200000,47
1,59.403199,4.200000,47
0,363.401376,4.200000,38
0,212.202356,4.200000,38
1,86.205800,4.200000,38
0,354.422573,4.200000,32
0,203.239366,4.200000,32
1,64.723721,4.200000,32
0,70.028566,4.200000,44
1,65.620485,4.410000,44
1,79.626534,4.410000,34
0,102.109815,4.410000,34
1,56.038915,4.410000,26
0,184.960000,4.410000,40
1,74.710000,4.410000,40
0,162.633027,4.410000,25
1,87.810877,4.410000,25
0,123.555413,4.410000,25
0,183.460681,4.410000,39
1,68.801817,4.410000,39
0,101.549692,4.410000,39
1,70.556859,4.630500,22
1,76.788012,4.630500,38
0,119.225169,4.630500,38
1,72.613811,4.630500,28
1,86.783249,4.630500,49
0,114.775523,4.630500,49
0,138.298414,4.630500,30
1,82.793117,4.630500,30
0,100.138305,4.630500,30
0,141.264643,4.630500,32
1,81.110191,4.630500,32
0,105.136769,4.630500,32
0,168.282296,4.630500,50
1,90.553745,4.862025,50
1,73.444427,4.862025,41
0,112.221362,4.862025,41
1,84.557403,4.862025,41
0,90.414920,4.862025,41
1,99.570693,4.862025,50
0,67.038224,4.862025,50
1,79.116495,4.862025,42
0,81.793246,4.862025,42
0,130.415374,4.862025,47
1,91.539136,4.862025,47
1,80.272589,4.862025,33
0,123.095221,4.862025,40
1,76.110175,4.862025,40
1,56.722665,4.862025,20
1,67.152704,5.105126,49
1,72.355029,5.105126,37
0,0.000000,0.000000,31
0,576.786873,5.105126,31
0,347.067812,5.105126,31
0,117.394236,5.105126,31
1,61.316916,5.105126,31
0,139.840140,5.105126,46
1,91.613646,5.360383,46
0,98.570290,5.360383,26
1,82.537644,5.360383,26
1,80.801527,5.360383,29
1,90.735965,5.360383,29
0,82.194949,5.360383,29
1,75.248889,5.360383,22
0,69.929924,5.360383,22
0,322.604319,5.360383,30
1,102.911420,5.360383,30
0,93.453490,5.360383,30
1,79.563019,5.360383,25
0,74.228225,5.360383,25
0,94.849672,5.360383,39
1,89.221353,5.628402,39
1,77.545199,5.628402,43
1,92.117266,5.628402,42
1,83.821203,5.628402,37
0,77.903326,5.628402,37
0,566.721924,5.628402,40
0,313.443848,5.628402,40
1,77.050977,5.628402,40
1,89.140768,5.628402,48
1,102.979889,5.628402,46
0,0.000000,0.000000,34
1,125.496537,5.909822,34
0,119.727006,5.909822,34
0,540.576750,5.909822,31
0,274.652907,5.909822,31
1,91.522261,5.909822,31
1,108.043401,5.909822,46
1,75.078379,6.205313,26
0,0.000000,0.000000,20
1,77.040784,6.205313,20
0,0.000000,0.000000,30
0,469.939705,6.205313,30
0,134.918891,6.205313,30
1,110.118532,6.205313,30
0,143.840116,6.205313,36
1,81.797536,6.205313,36
0,164.902031,6.205313,50
1,109.093036,6.205313,50
0,131.962683,6.205313,28
1,76.214936,6.205313,28
0,161.875639,6.205313,48
1,81.255658,6.205313,48
0,142.348166,6.205313,35
1,86.514524,6.205313,35
0,126.080273,6.205313,24
1,82.776511,6.205313,24
1,78.112021,6.205313,50
1,88.191674,6.515579,38
0,0.000000,0.000000,29
1,86.960468,6.515579,29
0,0.000000,0.000000,44
0,474.162979,6.515579,44
0,122.333871,6.515579,44
0,0.000000,0.000000,33
0,521.511745,4.000000,33
0,377.516225,4.000000,33
0,233.526230,4.000000,33
1,69.588074,4.000000,33
1,80.099938,4.000000,32
0,56.142675,4.000000,32
1,75.541379,4.000000,45
1,71.263174,4.200000,46
0,74.174389,4.200000,46
0,385.620746,4.200000,48
0,234.434127,4.200000,48
1,70.713224,4.200000,48
0,68.117545,4.200000,48
1,77.630535,4.200000,49
0,77.630535,4.200000,49
1,53.434446,4.200000,30
0,49.254441,4.200000,30
1,55.949441,4.200000,23
0,62.709648,4.200000,23
0,212.202356,4.200000,38
1,77.806426,4.200000,38
0,74.060786,4.200000,38
1,72.959732,4.410000,48
0,68.556791,4.410000,48
1,69.654879,4.410000,45
1,82.930865,4.410000,50
1,63.227908,4.410000,42
0,72.940370,4.410000,42
1,64.391941,4.410000,39
0,94.775208,4.410000,39
1,70.174432,4.410000,31
0,118.184348,4.410000,31
0,313.879337,4.410000,20
1,67.504797,4.410000,20
0,129.055957,4.410000,20
1,63.146833,4.410000,20
0,128.056394,4.410000,20
1,78.196589,4.630500,49
0,98.747530,4.630500,49
1,61.259500,4.630500,40
0,104.511172,4.630500,40
0,131.526702,4.630500,20
1,62.493768,4.630500,20
1,62.100013,4.630500,41
0,119.105038,4.630500,41
1,72.865862,4.630500,42
0,117.469316,4.630500,42
1,67.743628,4.630500,26
0,116.234935,4.630500,26
1,68.932077,4.630500,30
1,82.252020,4.630500,39
0,110.521265,4.630500,39
1,61.209932,4.862025,37
0,122.365233,4.862025,37
1,74.326386,4.862025,48
0,265.089982,4.862025,20
0,90.423057,4.862025,20
1,75.943587,4.862025,20
1,73.942496,4.862025,32
0,278.075389,4.862025,26
0,99.115894,4.862025,26
1,70.046893,4.862025,26
0,115.120815,4.862025,34
1,76.892770,4.862025,34
0,106.463545,4.862025,31
1,65.681724,5.105126,31
1,73.699752,5.105126,32
1,83.119651,5.105126,27
0,124.826839,5.105126,27
1,70.820263,5.105126,34
0,344.082598,5.105126,29
1,63.495349,5.105126,29
0,357.540036,5.105126,38
0,127.811868,5.105126,38
1,97.182344,5.105126,38
0,341.100575,5.105126,27
0,100.032826,5.360383,27
1,78.648951,5.360383,27
0,98.880408,5.360383,34
1,66.740053,5.360383,34
1,67.463978,5.360383,24
1,79.420990,5.360383,43
1,89.793839,5.360383,21
0,84.579248,5.360383,21
0,581.783644,5.360383,42
0,340.567038,5.360383,42
0,99.353387,5.360383,42
1,76.841254,5.628402,42
1,95.936744,5.628402,44
0,90.309642,5.628402,44
1,95.880375,5.628402,37
0,86.931851,5.628402,37
1,82.332076,5.628402,36
0,77.194111,5.628402,36
1,111.636268,5.628402,48
1,65.453138,5.628402,36
0,56.479473,5.628402,36
1,111.633071,5.628402,33
0,118.418490,5.628402,33
1,82.033761,5.628402,32
0,83.330316,5.628402,32
1,84.587929,5.909822,45
0,276.145012,5.909822,32
1,63.488589,5.909822,32
0,303.157276,5.909822,50
1,90.500682,5.909822,50
0,289.616472,5.909822,41
1,82.773788,5.909822,41
0,274.652907,5.909822,31
1,69.985538,6.205313,31
0,145.333952,6.205313,37
1,95.695465,6.205313,37
1,65.814927,6.205313,46
0,0.000000,0.000000,38
1,97.188853,6.205313,38
0,0.000000,0.000000,43
0,489.415404,6.205313,43
0,154.333500,6.205313,43
1,86.080839,6.205313,43
0,139.370165,6.205313,33
1,71.153902,6.205313,33
1,83.069274,6.205313,41
0,145.333952,6.205313,37
1,70.878330,6.205313,37
0,486.413362,6.205313,41
0,151.327037,6.205313,41
1,95.479704,6.205313,41
1,92.285273,6.205313,43
0,131.962683,6.205313,28
1,76.214936,6.205313,28
0,468.445394,6.205313,29
0,133.439606,6.205313,29
1,96.251602,6.205313,29
0,129.016249,6.205313,26
1,70.534213,6.515579,26
1,86.991943,6.515579,22
1,69.210278,6.515579,39
0,0.000000,0.000000,47
1,120.352846,6.515579,47
0,0.000000,0.000000,50
0,131.412676,6.515579,50
1,85.854191,6.515579,50
0,465.159836,6.515579,38
1,119.837272,6.515579,38
0,113.321934,6.515579,38
1,84.760927,6.515579,45
1,95.818983,6.515579,35
0,0.000000,0.000000,35
0,460.665544,6.515579,35
1,102.332485,6.515579,35
0,129.895492,6.515579,49
1,97.343697,6.515579,49
1,105.373899,6.515579,50
0,0.000000,0.000000,29
0,434.101542,6.841357,29
1,92.163085,6.841357,29
0,79.622397,6.841357,29
1,113.008782,6.841357,43
0,94.304447,6.841357,43
1,108.249465,6.841357,26
0,100.881244,6.841357,26
1,89.476152,6.841357,41
0,82.634910,6.841357,41
1,99.327439,6.841357,43
0,86.540908,6.841357,43
1,73.145846,6.841357,30
1,104.662247,6.841357,42
0,0.000000,0.000000,20
0,420.685569,6.841357,20
1,133.604451,6.841357,20
1,92.722363,6.841357,20
0,0.000000,0.000000,25
0,428.132396,6.841357,25
1,127.268154,6.841357,25
1,115.245359,6.841357,49
0,97.507589,6.841357,49
1,98.536934,6.841357,47
0,0.000000,0.000000,32
0,743.359934,7.183425,32
0,290.820888,7.183425,32
1,89.746654,7.183425,32
0,377.960412,7.183425,47
1,105.032376,7.183425,47
0,355.295543,7.183425,24
1,113.856001,7.183425,24
0,364.445578,7.183425,38
1,91.479510,7.183425,38
1,109.186094,7.183425,45
0,0.000000,0.000000,41
0,368.944545,7.183425,41
1,74.425448,7.183425,41
0,366.348540,7.183425,28
1,105.378697,7.183425,28
1,101.371727,7.183425,35
0,0.000000,0.000000,40
0,367.444206,7.183425,40
1,137.574596,7.183425,40
0,377.960412,7.183425,47
1,90.674768,7.183425,47
1,110.342028,7.183425,41
0,0.000000,0.000000,40
0,367.444206,7.183425,40
1,130.391171,7.183425,40
0,356.881750,7.183425,32
1,106.613583,7.542597,32
0,327.140674,7.542597,27
1,144.440427,7.542597,27
0,329.854314,7.542597,30
1,126.265345,7.542597,30
0,331.346975,7.542597,31
1,120.207971,7.542597,31
0,340.319722,7.542597,37
1,98.964694,7.542597,37
1,136.905892,7.542597,27
0,0.000000,0.000000,43
0,349.319637,7.542597,43
1,107.963747,7.542597,43
0,322.403663,7.542597,25
1,126.431554,7.542597,25
0,334.334737,7.542597,33
1,138.253215,7.542597,33
1,117.039867,7.542597,49
0,0.000000,0.000000,41
0,346.316777,7.542597,41
1,112.497034,7.542597,41
1,127.900604,7.542597,26
0,0.000000,0.000000,24
0,320.916146,7.542597,24
1,147.553725,7.542597,24
0,320.916146,7.542597,24
1,140.022819,7.542597,24
0,325.381346,7.542597,27
1,129.372297,7.542597,27
1,126.063311,7.542597,45
0,0.000000,0.000000,33
0,334.334737,7.542597,33
1,138.253215,7.542597,33
1,133.632092,7.542597,50
0,0.000000,0.000000,39
0,343.316780,7.542597,39
1,139.667204,7.542597,39
0,334.334737,7.542597,33
1,123.173449,7.542597,33
0,325.381346,7.542597,27
1,84.204578,7.542597,27
1,100.939639,7.542597,23
0,0.000000,0.000000,46
0,353.829134,7.542597,46
1,127.573798,7.542597,46
1,94.412053,7.542597,39
0,0.000000,0.000000,42
1,106.458023,7.542597,42
0,0.000000,0.000000,50
0,359.851154,7.542597,50
1,88.424416,7.542597,50
0,341.062628,7.542597,33
1,65.139815,7.919726,33
0,308.086612,7.919726,29
1,177.926642,7.919726,29
0,333.081256,7.919726,48
1,95.549208,7.919726,48
0,300.138877,7.919726,26
1,110.206338,7.919726,26
0,330.070871,7.919726,46
1,100.429989,7.919726,46
0,318.058809,7.919726,38
1,80.471659,7.919726,38
1,73.653152,7.919726,44
0,0.000000,0.000000,40
0,321.057237,7.919726,40
0,0.000000,0.000000,25
0,221.626939,4.000000,25
1,77.862058,4.000000,25
0,521.511745,4.000000,33
0,377.516225,4.000000,33
0,233.526230,4.000000,33
1,82.374389,4.200000,33
0,82.374389,4.200000,33
1,76.164296,4.200000,30
0,72.701719,4.200000,41
1,64.301944,4.200000,41
1,50.557294,4.200000,28
0,46.389654,4.200000,28
1,67.268120,4.200000,28
0,74.813100,4.200000,28
0,379.926651,4.200000,49
0,228.744268,4.200000,49
0,0.000000,0.000000,41
0,245.500509,4.000000,41
1,77.501613,4.000000,41
0,50.621142,4.000000,41
0,368.557323,4.000000,27
0,224.594078,4.000000,27
1,80.761996,4.000000,27
0,220.368646,4.200000,29
0,69.318540,4.200000,29
1,60.948667,4.200000,29
0,88.968871,4.200000,47
1,80.576051,4.200000,47
1,51.409727,4.200000,38
0,215.200000,4.200000,40
1,80.800000,4.200000,40
0,76.006579,4.200000,40
1,64.317494,4.200000,43
1,63.149505,4.200000,45
0,230.254294,4.200000,50
1,74.757395,4.410000,50
1,70.084617,4.410000,49
0,70.084617,4.410000,49
0,325.890869,4.410000,23
0,167.236152,4.410000,23
1,66.138477,4.410000,23
0,121.780448,4.410000,23
1,66.138075,4.410000,46
1,54.038247,4.410000,32
0,96.055401,4.410000,32
1,62.849741,4.410000,35
0,102.224948,4.410000,35
1,58.488549,4.410000,38
0,87.144937,4.410000,38
0,339.223316,4.410000,37
1,70.666922,4.630500,37
0,117.644248,4.630500,37
1,66.066774,4.630500,33
0,122.768428,4.630500,33
1,60.913709,4.630500,38
0,119.306901,4.630500,38
1,64.992973,4.630500,49
0,130.922997,4.630500,25
1,70.909249,4.630500,25
0,111.469862,4.630500,25
1,72.865862,4.630500,42
0,117.469316,4.630500,42
1,71.663620,4.630500,35
0,160.727444,4.630500,45
1,58.658773,4.862025,45
0,116.384934,4.862025,45
1,67.946854,4.862025,47
1,37.697916,4.862025,22
0,316.874083,4.862025,42
0,122.872469,4.862025,42
1,74.254884,4.862025,42
1,51.144000,4.862025,33
0,303.501172,4.862025,36
0,113.885963,4.862025,36
1,94.441480,4.862025,36
0,61.197190,4.862025,36
1,75.763000,4.862025,43
1,89.692495,5.105126,30
1,73.028801,5.105126,35
1,74.397197,5.105126,28
0,0.000000,0.000000,45
0,138.330549,5.105126,45
1,61.781665,5.105126,45
0,582.095371,5.105126,34
0,351.551438,5.105126,34
1,78.216680,5.360383,34
0,91.500338,5.360383,29
1,80.801527,5.360383,29
0,103.878442,5.360383,45
1,82.444737,5.360383,45
0,312.181309,5.360383,23
1,87.344080,5.360383,23
0,79.697800,5.360383,23
0,71.356424,5.360383,23
1,66.037296,5.360383,23
1,69.929924,5.360383,22
1,71.356424,5.360383,23
0,71.356424,5.360383,23
1,66.558484,5.628402,28
0,66.558484,5.628402,28
0,310.445458,5.628402,38
1,79.685653,5.628402,38
0,70.936066,5.628402,38
1,77.886460,5.628402,33
0,75.225919,5.628402,33
1,64.957078,5.628402,28
1,76.705457,5.628402,36
0,75.331887,5.628402,50
1,69.716898,5.628402,50
0,563.722811,5.628402,38
0,297.781623,5.909822,38
1,61.395218,5.909822,38
0,62.686968,5.909822,38
1,75.288433,5.909822,32
1,100.382422,5.909822,33
0,122.059550,5.909822,33
1,72.459535,5.909822,42
0,297.131185,5.909822,46
1,72.604819,5.909822,46
0,77.542389,5.909822,46
0,276.145012,5.909822,32
1,83.846808,6.205313,32
0,117.820039,6.205313,32
1,83.286583,6.205313,28
0,129.016249,6.205313,26
1,91.861428,6.205313,26
1,81.334394,6.205313,23
1,99.998397,6.205313,44
0,0.000000,0.000000,33
0,474.426016,6.205313,33
0,139.370165,6.205313,33
1,95.952875,6.205313,33
1,126.324387,6.205313,45
1,141.410198,6.205313,26
0,130.526597,6.205313,26
0,475.922561,6.205313,34
0,140.858161,6.205313,34
1,134.654321,6.205313,34
0,134.918891,6.205313,30
1,79.136508,6.205313,30
0,136.400461,6.205313,31
1,105.395757,6.205313,31
0,161.875639,6.205313,48
1,93.653230,6.205313,48
1,100.183708,6.205313,40
1,93.978395,6.205313,40
0,0.000000,0.000000,21
0,439.761385,6.515579,21
0,0.000000,0.000000,48
0,688.011628,4.000000,48
0,400.020000,4.000000,48
0,256.031248,4.000000,48
1,72.111026,4.000000,48
1,64.124878,4.000000,48
0,67.546280,4.000000,41
1,70.915866,4.200000,43
0,69.520788,4.200000,43
1,44.327869,4.200000,24
1,79.056942,4.200000,34
0,200.262428,4.200000,30
1,74.368273,4.200000,30
1,76.059187,4.200000,34
0,78.492038,4.200000,34
0,676.258484,4.410000,50
0,517.504155,4.410000,50
0,358.754844,4.410000,50
0,200.022503,4.410000,50
1,81.044384,4.410000,50
1,68.897258,4.410000,42
0,94.618391,4.410000,42
1,60.078323,4.410000,42
0,78.623406,4.410000,42
1,59.918979,4.410000,30
1,71.651403,4.410000,29
0,168.549760,4.410000,29
1,57.591228,4.630500,29
0,114.513557,4.630500,29
1,67.184812,4.630500,50
0,89.651018,4.630500,50
0,306.439043,4.630500,31
0,139.780454,4.630500,31
1,75.016093,4.630500,31
1,84.485823,4.630500,28
0,94.406674,4.630500,28
1,79.003741,4.630500,43
1,74.374128,4.630500,43
0,116.846353,4.630500,43
1,62.861072,4.630500,29
0,154.708808,4.630500,41
1,62.331530,4.862025,41
0,120.230410,4.862025,41
1,59.624565,4.862025,47
1,70.587879,4.862025,46
0,99.373845,4.862025,46
1,56.982119,4.862025,27
0,288.908223,4.862025,36
1,84.719861,4.862025,36
0,68.125590,4.862025,36
1,96.207505,5.105126,22
0,114.202220,5.105126,22
0,132.308901,5.105126,41
1,81.258232,5.105126,41
0,366.544094,5.105126,44
0,136.822575,5.105126,44
1,80.676362,5.105126,44
0,123.333297,5.105126,35
1,102.917820,5.105126,35
0,142.863965,5.105126,48
1,102.045373,5.105126,48
0,132.308901,5.105126,41
1,67.985204,5.360383,41
0,102.968417,5.360383,29
1,86.914471,5.360383,29
0,113.852456,5.360383,44
1,76.338414,5.360383,44
1,68.702436,5.360383,43
0,94.849672,5.360383,39
1,68.048278,5.360383,39
1,67.193500,5.360383,42
1,95.584581,5.360383,25
0,88.350605,5.360383,25
0,580.283000,5.360383,41
0,327.005091,5.628402,41
1,73.728328,5.628402,41
1,80.057223,5.628402,42
1,61.667799,5.628402,41
0,61.667799,5.628402,41
0,316.445428,5.628402,42
1,85.685214,5.628402,42
0,74.765732,5.628402,42
0,288.069279,5.628402,23
1,93.307696,5.909822,23
0,119.542177,5.909822,23
1,67.390897,5.909822,26
0,98.972164,5.909822,26
1,92.997629,5.909822,32
1,92.997629,5.909822,32
1,99.112103,5.909822,44
0,110.647086,5.909822,44
0,567.575859,5.909822,49
0,301.649608,5.909822,49
1,94.879053,5.909822,49
0,100.074415,5.909822,49
1,82.712453,6.205313,27
1,93.020112,6.205313,47
1,70.434195,6.205313,24
0,0.000000,0.000000,21
0,456.511963,6.205313,21
1,90.797996,6.205313,21
0,149.826211,6.205313,40
1,87.773082,6.205313,40
0,489.415404,6.205313,43
1,92.285273,6.205313,43
1,72.310469,6.205313,21
0,0.000000,0.000000,30
1,97.722331,6.205313,30
0,0.000000,0.000000,39
0,148.327053,6.205313,39
1,83.171929,6.515579,39
0,448.705843,6.515579,27
1,103.537334,6.515579,27
0,97.035470,6.515579,27
1,109.425667,6.515579,31
0,102.915950,6.515579,31
1,101.295143,6.515579,21
0,90.907464,6.515579,21
1,82.583568,6.515579,26
1,85.854191,6.515579,50
0,0.000000,0.000000,39
0,114.818610,6.515579,39
1,101.787592,6.515579,39
1,88.329876,6.515579,21
0,88.329876,6.515579,21
0,465.159836,6.515579,38
1,113.321934,6.515579,38
0,113.321934,6.515579,38
1,113.612080,6.515579,25
0,116.317521,6.515579,40
1,109.801943,6.515579,40
0,128.379851,6.515579,48
1,95.823152,6.515579,48
0,441.250555,6.515579,22
1,96.254782,6.515579,22
1,133.122432,6.515579,25
0,117.957523,6.515579,25
1,104.009644,6.841357,37
0,87.629490,6.841357,37
1,109.235646,6.841357,22
0,106.744671,6.841357,22
0,428.132396,6.841357,25
1,120.439361,6.841357,25
1,102.419100,6.841357,22
0,0.000000,0.000000,42
0,453.567801,6.841357,42
1,104.662247,6.841357,42
1,111.503311,6.841357,42
0,0.000000,0.000000,34
0,441.576890,6.841357,34
1,133.739266,6.841357,34
1,111.503311,6.841357,42
0,0.000000,0.000000,38
0,447.567816,6.841357,38
1,105.503566,6.841357,38
0,88.706413,6.841357,38
1,113.008782,6.841357,43
1,85.868534,6.841357,34
0,74.109561,6.841357,34
0,107.261311,7.183425,34
0,287.836809,7.183425,30
1,65.298903,7.183425,30
1,65.223265,7.183425,25
0,0.000000,0.000000,35
1,94.190653,7.183425,35
0,0.000000,0.000000,41
1,103.158681,7.183425,41
0,0.000000,0.000000,42
0,370.445556,7.183425,42
1,111.845365,7.183425,42
0,364.652230,7.183425,34
1,128.609590,7.183425,34
1,122.423627,7.183425,49
0,93.104616,7.183425,49
0,353.972811,7.183425,31
0,0.000000,0.000000,33
0,658.309304,4.200000,33
0,507.112078,4.200000,33
0,355.917209,4.200000,33
0,0.000000,0.000000,47
0,110.555416,4.000000,47
1,78.577987,4.000000,47
0,59.770394,4.000000,47
0,523.008604,4.000000,34
0,220.620398,4.200000,34
1,73.661116,4.200000,34
0,69.464811,4.200000,34
0,81.774935,4.200000,47
1,60.800822,4.200000,47
0,71.543693,4.200000,45
1,54.757100,4.200000,45
1,72.493034,4.200000,20
0,106.569226,4.200000,20
1,59.800000,4.200000,40
0,55.081757,4.200000,34
1,50.888506,4.200000,34
1,65.501908,4.200000,41
0,65.501908,4.200000,41
0,221.185781,4.410000,49
1,84.549837,4.410000,49
0,180.564311,4.410000,32
1,70.383755,4.410000,32
1,67.239084,4.410000,32
0,113.888718,4.410000,32
1,61.588269,4.410000,43
0,78.732077,4.410000,43
1,80.734776,4.410000,44
0,106.961862,4.410000,44
0,192.476236,4.410000,45
1,60.211922,4.410000,45
0,70.128026,4.410000,45
1,70.483570,4.630500,50
0,149.725158,4.630500,27
1,66.553176,4.630500,27
1,66.732058,4.630500,23
0,121.533850,4.630500,23
1,56.308474,4.630500,34
0,162.235740,4.630500,46
1,74.289099,4.630500,46
0,123.613152,4.630500,20
1,72.961046,4.630500,20
0,153.208000,4.630500,40
1,75.415600,4.862025,40
0,115.088341,4.862025,40
1,72.641023,4.862025,23
0,303.798269,4.862025,43
0,124.377445,4.862025,43
1,75.763000,4.862025,43
0,88.448525,4.862025,43
1,73.514721,4.862025,35
0,291.334092,4.862025,34
0,110.908981,4.862025,34
1,81.751314,4.862025,34
1,79.249359,4.862025,29
0,134.961051,4.862025,50
1,91.247268,4.862025,50
0,71.373574,4.862025,50
1,76.358074,5.105126,45
1,58.469017,5.105126,25
0,166.132943,5.105126,27
1,69.313785,5.105126,27
0,146.126746,5.105126,36
1,99.302468,5.105126,36
0,335.146444,5.105126,23
0,105.650441,5.105126,23
1,54.918474,5.105126,23
1,75.133501,5.105126,30
0,121.844894,5.105126,34
1,91.226540,5.105126,34
1,76.287014,5.360383,50
0,362.580029,5.360383,49
1,110.705620,5.360383,49
0,78.577761,5.360383,28
1,67.893231,5.360383,28
0,0.000000,0.000000,43
0,536.502097,4.000000,43
1,64.517440,4.000000,43
0,82.562098,4.000000,43
1,66.030296,4.000000,44
0,362.849611,4.200000,28
0,211.685049,4.200000,28
1,60.697282,4.200000,28
0,363.401376,4.200000,38
0,212.202356,4.200000,38
1,69.407204,4.200000,38
1,73.901691,4.200000,41
0,197.291257,4.200000,28
1,71.452362,4.200000,28
0,83.761566,4.200000,28
1,72.715473,4.200000,43
0,68.516421,4.200000,43
0,192.596226,4.410000,35
1,64.738289,4.410000,35
1,53.045448,4.410000,23
0,106.819837,4.410000,23
1,67.307429,4.410000,38
0,183.460681,4.410000,39
1,68.801817,4.410000,39
0,101.549692,4.410000,39
0,170.033531,4.410000,30
1,73.111173,4.410000,30
0,121.517242,4.410000,30
0,167.067775,4.410000,28
1,51.547881,4.630500,28
0,110.000312,4.630500,28
1,58.657045,4.630500,32
0,117.012004,4.630500,32
1,70.911496,4.630500,30
0,123.645109,4.630500,30
1,68.340878,4.630500,46
1,66.628024,4.630500,44
1,41.094280,4.630500,20
0,135.186464,4.630500,20
1,56.061286,4.630500,21
0,125.719569,4.630500,21
1,70.184146,4.630500,34
0,118.160061,4.630500,34
0,322.907548,4.630500,42
0,156.211201,4.630500,42
1,58.975979,4.862025,42
0,119.492162,4.862025,42
1,71.281833,4.862025,46
0,114.964069,4.862025,46
1,87.648655,4.862025,40
0,91.492305,4.862025,40
1,70.109067,4.862025,27
1,72.413749,4.862025,44
1,74.611850,4.862025,39
0,85.855201,4.862025,39
1,86.392959,4.862025,50
0,79.838506,4.862025,50
1,64.888051,4.862025,39
0,124.377445,4.862025,43
1,73.332480,5.105126,43
1,49.210860,5.105126,22
0,44.564517,5.105126,22
0,360.538637,5.105126,40
1,79.756694,5.105126,40
0,120.358856,5.105126,33
1,69.345076,5.105126,33
1,67.198088,5.105126,35
0,124.823980,5.105126,36
1,68.680694,5.105126,36
0,579.779883,5.105126,33
0,97.397795,5.360383,33
1,86.684810,5.360383,33
0,100.859509,5.360383,43
1,68.702436,5.360383,43
1,90.241705,5.360383,25
0,103.878442,5.360383,45
1,87.802805,5.360383,45
0,336.065941,5.360383,39
1,71.532437,5.628402,39
1,104.075394,5.628402,43
0,0.000000,0.000000,47
0,577.232535,5.628402,47
0,323.962755,5.628402,47
1,98.869750,5.628402,47
0,86.278046,5.628402,47
1,102.310991,5.909822,45
1,83.917636,5.909822,49
0,76.660347,5.909822,49
1,91.522261,5.909822,31
0,267.207745,5.909822,26
1,90.093738,5.909822,26
0,125.005514,5.909822,26
1,87.093647,5.909822,32
0,117.441524,5.909822,32
1,73.991596,5.909822,23
0,121.545514,5.909822,23
0,428.885997,6.205313,31
1,112.481483,6.205313,31
0,0.000000,0.000000,29
0,659.522934,4.000000,29
0,371.540711,4.000000,29
0,227.566474,4.000000,29
1,67.723703,4.000000,29
0,104.510765,4.000000,43
1,72.515516,4.000000,43
0,64.903775,4.000000,43
0,103.004854,4.000000,42
1,65.207668,4.200000,42
0,79.323641,4.200000,42
1,67.316714,4.200000,37
0,73.915222,4.200000,37
1,65.517173,4.200000,37
0,74.206738,4.200000,42
1,57.408710,4.200000,42
1,42.228426,4.200000,28
1,57.806055,4.200000,33
0,53.614364,4.200000,33
1,72.907750,4.200000,29
1,62.807961,4.200000,42
1,60.863864,4.410000,25
0,79.146532,4.410000,25
0,631.319204,4.410000,20
0,472.585813,4.410000,20
0,155.282329,4.410000,20
1,67.504797,4.410000,20
0,129.055957,4.410000,20
1,77.583561,4.410000,24
1,70.251495,4.410000,25
0,125.554530,4.410000,25
0,195.491334,4.410000,47
1,72.065043,4.410000,47
1,69.624056,4.630500,47
0,122.000281,4.630500,28
0,164.590835,4.630500,37
1,62.730936,4.630500,37
0,117.519015,4.630500,37
1,77.941935,4.630500,37
0,133.865900,4.630500,27
1,64.578454,4.630500,27
0,120.119066,4.630500,27
1,65.036729,4.630500,46
1,77.495952,4.630500,42
0,115.477444,4.630500,42
0,138.298414,4.630500,30
1,78.171569,4.630500,30
1,61.999767,4.862025,44
0,118.065352,4.862025,44
1,78.766682,4.862025,50
0,106.620828,4.862025,50
1,46.551562,4.862025,24
0,317.688848,4.862025,47
1,76.965747,4.862025,47
0,134.961051,4.862025,50
1,76.687273,4.862025,50
0,94.916738,4.862025,50
1,81.823041,4.862025,47
0,83.457579,4.862025,47
0,305.421355,4.862025,47
1,75.751518,5.105126,47
0,75.751518,5.105126,47
1,67.251083,5.105126,37
1,92.607339,5.105126,36
0,82.936994,5.105126,36
1,85.223468,5.105126,47
1,105.050899,5.105126,33
1,63.853810,5.105126,43
0,0.000000,0.000000,48
0,602.282602,5.105126,48
0,361.074260,5.360383,48
1,71.703103,5.360383,48
1,96.632524,5.360383,33
0,111.460558,5.360383,50
1,79.343758,5.360383,50
0,589.293179,5.360383,47
0,348.083166,5.360383,47
0,106.905663,5.360383,47
1,90.834662,5.360383,47
1,83.356439,5.628402,50
1,80.477708,5.628402,26
0,72.320860,5.628402,26
1,78.228992,5.628402,25
0,301.470386,5.628402,32
1,59.557052,5.628402,32
0,51.419272,5.628402,32
0,291.040500,5.628402,25
1,77.428677,5.628402,25
0,89.782851,5.628402,25
1,82.332076,5.628402,36
0,77.194111,5.628402,36
1,80.057223,5.628402,42
1,81.462333,5.909822,39
1,71.737509,5.909822,29
0,98.226936,5.909822,29
0,563.066012,5.909822,46
0,297.131185,5.909822,46
1,102.135990,5.909822,46
0,110.489013,5.909822,46
1,107.772971,5.909822,34
1,88.604619,5.909822,37
1,91.552421,5.909822,27
0,124.528714,5.909822,27
0,146.829616,6.205313,38
1,115.803964,6.205313,38
0,480.415447,6.205313,37
1,114.309489,6.205313,37
1,108.644264,6.205313,29
0,0.000000,0.000000,49
1,101.373010,6.205313,49
0,0.000000,0.000000,22
0,458.001542,6.205313,22
1,116.967661,6.205313,22
1,112.817376,6.205313,36
0,0.000000,0.000000,36
0,478.917281,6.205313,36
1,119.021764,6.205313,36
0,130.488203,6.205313,27
1,118.094603,6.205313,27
0,462.473924,6.205313,25
0,110.825934,6.515579,25
0,0.000000,0.000000,28
0,658.027355,4.000000,28
0,370.048645,4.000000,28
0,226.079632,4.000000,28
1,79.227520,4.200000,28
1,70.986337,4.200000,47
0,60.301410,4.200000,47
1,79.907196,4.200000,26
0,95.294491,4.200000,26
1,71.543693,4.200000,45
0,341.005953,4.200000,23
0,189.890337,4.200000,23
1,64.264609,4.200000,23
0,82.088367,4.200000,23
1,70.178344,4.200000,30
0,75.927597,4.200000,30
1,74.010992,4.410000,25
0,104.183365,4.410000,25
1,71.035839,4.410000,43
1,68.026183,4.410000,46
0,63.056343,4.410000,46
1,70.658311,4.410000,44
1,76.326208,4.410000,44
0,175.985572,4.410000,34
1,48.163523,4.410000,34
1,73.527301,4.630500,42
0,112.789756,4.630500,42
0,467.149223,4.630500,27
0,300.476313,4.630500,27
0,133.865900,4.630500,27
1,92.262750,4.630500,27
0,153.208000,4.630500,40
1,74.489500,4.630500,40
0,116.781763,4.630500,40
1,75.763168,4.630500,50
1,45.236430,4.862025,26
0,132.132404,4.862025,26
0,136.538200,4.862025,40
1,83.055925,4.862025,40
0,91.492305,4.862025,40
1,63.142869,4.862025,42
0,134.961051,4.862025,50
1,81.539569,4.862025,50
1,69.393331,4.862025,42
1,65.211017,4.862025,26
1,72.413749,4.862025,44
0,0.000000,0.000000,29
0,573.795679,5.105126,29
0,344.082598,5.105126,29
0,114.440198,5.105126,29
1,99.145249,5.105126,29
0,145.893660,5.105126,50
1,105.085964,5.105126,50
0,101.302735,5.105126,20
1,96.223862,5.105126,20
1,71.503562,5.105126,31
0,132.308901,5.105126,41
1,67.985204,5.360383,41
0,113.339070,5.360383,36
1,86.542622,5.360383,36
0,85.919671,5.360383,33
1,64.501852,5.360383,33
1,79.420990,5.360383,43
0,325.590141,5.360383,32
0,84.443146,5.360383,32
1,63.033868,5.360383,32
0,337.565569,5.360383,40
0,96.348354,5.360383,40
1,73.834747,5.628402,40
1,84.287493,5.628402,40
0,84.287493,5.628402,40
1,88.424330,5.628402,47
0,82.800638,5.628402,47
1,85.685214,5.628402,42
0,74.765732,5.628402,42
1,83.075055,5.628402,44
1,75.552631,5.628402,39
1,82.332076,5.628402,36
0,77.194111,5.628402,36
0,566.721924,5.628402,40
1,82.960799,5.909822,40
0,79.702117,5.909822,40
1,73.448366,5.909822,46
0,66.496369,5.909822,46
0,295.626611,5.909822,45
1,100.622983,5.909822,45
0,110.556772,5.909822,45
1,88.807474,5.909822,45
1,81.550792,5.909822,48
1,78.251826,5.909822,30
0,114.225510,5.909822,30
0,564.568869,5.909822,47
0,229.497816,6.205313,47
1,105.422983,6.205313,47
0,163.388191,6.205313,49
1,107.572559,6.205313,49
0,158.854541,6.205313,46
1,109.224915,6.205313,46
1,103.188553,6.205313,42
0,154.333500,6.205313,43
1,110.899165,6.205313,43
0,481.914143,6.205313,38
0,146.829616,6.205313,38
1,97.188853,6.205313,38
0,146.829616,6.205313,38
1,103.393857,6.205313,38
0,164.902031,6.205313,50
1,78.112021,6.205313,50
0,151.327037,6.205313,41
1,95.479704,6.205313,41
0,157.346073,6.205313,45
1,120.120352,6.205313,45
0,149.826211,6.205313,40
1,112.594334,6.205313,40
0,136.400461,6.205313,31
1,92.997958,6.205313,31
1,96.971424,6.205313,21
0,164.902031,6.205313,50
1,109.093036,6.205313,50
1,101.703093,6.205313,20
0,0.000000,0.000000,45
0,492.419452,6.205313,45
0,157.346073,6.205313,45
1,124.773366,6.515579,45
1,93.033268,6.515579,48
0,97.035470,6.515579,27
1,84.038115,6.515579,27
1,111.510215,6.515579,28
0,100.331127,6.515579,28
0,472.661141,6.515579,43
0,120.826832,6.515579,43
1,88.252377,6.515579,43
1,111.827582,6.515579,37
0,111.827582,6.515579,37
0,120.826832,6.515579,43
1,88.252377,6.515579,43
1,105.651995,6.515579,24
0,94.902712,6.515579,24
0,119.321712,6.515579,42
1,80.230282,6.515579,42
0,126.865810,6.515579,47
1,74.774851,6.515579,47
0,97.035470,6.515579,27
1,90.535578,6.515579,27
0,131.412676,6.515579,50
1,92.359490,6.515579,50
1,102.743622,6.515579,22
0,92.231337,6.515579,22
0,128.379851,6.515579,48
1,102.333413,6.515579,48
0,119.321712,6.515579,42
1,93.260569,6.515579,42
1,78.248419,6.515579,45
1,107.327869,6.515579,47
0,0.000000,0.000000,48
1,120.565199,6.841357,48
0,100.213920,6.841357,48
0,422.173599,6.841357,21
1,114.600054,6.841357,21
0,113.448334,6.841357,21
1,107.783735,6.841357,21
0,106.426146,6.841357,21
1,99.526552,6.841357,20
0,98.339333,6.841357,20
1,105.503566,6.841357,38
0,88.706413,6.841357,38
1,100.970804,6.841357,21
1,91.224636,6.841357,33
0,0.000000,0.000000,25
1,134.098228,6.841357,25
0,125.976685,6.841357,25
1,109.235646,6.841357,22
0,106.744671,6.841357,22
0,464.088516,6.841357,49
1,122.081791,6.841357,49
0,101.428447,6.841357,49
1,123.600001,6.841357,50
0,102.652959,6.841357,50
1,96.263337,6.841357,50
1,115.340184,6.841357,40
0,0.000000,0.000000,29
0,544.924446,7.183425,29
1,106.849394,7.183425,29
0,94.377385,7.183425,29
1,108.840895,7.183425,40
0,363.270445,7.183425,33
1,105.582348,7.183425,33
1,93.824562,7.183425,25
0,0.000000,0.000000,32
1,132.818268,7.183425,32
0,0.000000,0.000000,41
0,368.944545,7.183425,41
1,95.975347,7.183425,41
0,355.295543,7.183425,24
1,106.691524,7.183425,24
0,355.433188,7.183425,31
1,116.977758,7.183425,31
0,342.448912,7.183425,22
1,125.265179,7.183425,22
0,359.952888,7.183425,35
1,122.916597,7.183425,35
0,383.135186,7.183425,50
1,138.298159,7.183425,50
0,78.813925,7.183425,50
1,95.678375,7.183425,36
1,80.462616,7.183425,45
0,0.000000,0.000000,31
0,353.972811,7.183425,31
1,109.799997,7.183425,31
1,103.911243,7.183425,27
0,0.000000,0.000000,49
0,380.970784,7.183425,49
1,136.781789,7.183425,49
0,0.000000,0.000000,35
0,524.505958,4.000000,35
0,92.533778,4.000000,35
1,68.545605,4.000000,35
0,59.853989,4.000000,35
1,85.828317,4.000000,25
0,80.426986,4.000000,25
0,100.724178,4.200000,50
1,75.565601,4.200000,50
0,55.582011,4.200000,50
1,55.027629,4.200000,50
0,69.701793,4.200000,39
1,48.702567,4.200000,39
0,378.421141,4.200000,48
0,76.105190,4.200000,48
1,67.718240,4.200000,48
0,73.061618,4.200000,46
1,60.474457,4.200000,46
1,66.701874,4.200000,39
0,62.502000,4.200000,39
1,65.793161,4.200000,39
0,203.145538,4.410000,37
1,57.629525,4.410000,37
1,50.252822,4.410000,25
0,83.644739,4.410000,25
1,70.806556,4.410000,47
0,74.961307,4.410000,47
0,178.971175,4.410000,36
1,73.147347,4.410000,36
1,64.305319,4.410000,33
1,61.408323,4.410000,37
0,95.011262,4.410000,37
1,62.849741,4.410000,35
0,476.579771,4.630500,28
0,143.271691,4.630500,28
1,92.405499,4.630500,28
0,92.063547,4.630500,28
1,91.839217,4.630500,33
0,130.922997,4.630500,25
1,70.909249,4.630500,25
0,111.469862,4.630500,25
1,95.421103,4.630500,26
0,69.206648,4.630500,26
0,138.887501,4.862025,36
1,51.395579,4.862025,36
0,125.329690,4.862025,36
1,62.929282,4.862025,33
0,112.706391,4.862025,33
1,86.813226,4.862025,48
0,86.337136,4.862025,48
1,91.357322,4.862025,24
0,125.884289,4.862025,44
1,52.975792,4.862025,44
1,66.386125,4.862025,40
1,69.088091,4.862025,32
0,285.847403,4.862025,30
1,64.222322,5.105126,30
0,400.267649,5.105126,30
1,83.867768,5.105126,30
0,105.650441,5.105126,23
1,59.967288,5.105126,23
0,599.276828,5.105126,46
0,369.550815,5.105126,46
0,139.840140,5.105126,46
0,0.000000,0.000000,38
1,97.005155,5.000000,38
0,0.000000,0.000000,44
0,601.003328,5.000000,44
0,364.755483,5.250000,44
1,76.026311,5.250000,44
1,89.066338,5.250000,25
0,89.066338,5.250000,25
1,93.442830,5.250000,28
0,93.442830,5.250000,28
1,95.756201,5.250000,26
0,115.759719,5.250000,43
1,110.510181,5.250000,43
0,562.793535,5.250000,26
1,99.945435,5.512500,26
1,93.851332,5.512500,41
0,82.057740,5.512500,41
0,579.442893,5.512500,45
1,94.370620,5.512500,45
0,84.102453,5.512500,45
1,89.843065,5.512500,42
0,79.877470,5.512500,42
1,91.074228,5.788125,43
0,78.561652,5.788125,43
1,84.236484,5.788125,39
0,81.308787,5.788125,39
0,309.588535,5.788125,47
1,89.688318,5.788125,47
0,85.914882,5.788125,47
1,93.073039,5.788125,22
0,125.537375,5.788125,22
1,70.046893,5.788125,26
0,99.568419,5.788125,26
1,80.422115,5.788125,37
1,84.440445,5.788125,24
1,64.294098,6.077531,25
0,0.000000,0.000000,32
0,479.829985,6.077531,32
1,97.011343,6.077531,32
1,112.124048,6.077531,34
0,0.000000,0.000000,31
0,478.334480,6.077531,31
0,150.194053,6.077531,31
1,125.896949,6.077531,31
0,135.460159,6.077531,21
1,99.117754,6.077531,21
0,136.922732,6.077531,22
1,100.564972,6.077531,22
0,178.696590,6.077531,50
1,105.814447,6.077531,50
0,144.273123,6.077531,27
1,77.546678,6.077531,27
0,175.672170,6.077531,48
1,92.754613,6.381408,48
1,94.667349,6.381408,39
0,115.915843,6.381408,30
1,96.792961,6.381408,30
0,145.893660,6.381408,50
1,114.010609,6.381408,50
0,454.457892,6.381408,26
1,97.297273,6.381408,26
1,78.677831,6.381408,35
0,0.000000,0.000000,47
0,141.351295,6.381408,47
1,109.456890,6.381408,47
0,138.330549,6.381408,45
1,112.810030,6.381408,45
0,451.474862,6.381408,24
0,107.107140,6.381408,24
1,94.384789,6.381408,24
0,127.811868,6.381408,38
1,121.430666,6.381408,38
1,106.114968,6.381408,49
0,114.440198,6.381408,29
1,101.693980,6.381408,29
0,466.413626,6.381408,34
1,121.844894,6.381408,34
0,121.844894,6.381408,34
1,104.202299,6.700478,49
0,118.087682,6.700478,43
1,104.687946,6.700478,43
1,86.723413,6.700478,29
0,80.037551,6.700478,29
1,106.007583,6.700478,33
0,0.000000,0.000000,50
1,111.460558,6.700478,50
0,0.000000,0.000000,45
1,123.974998,6.700478,45
0,106.933300,6.700478,45
0,461.175261,6.700478,42
1,106.053547,6.700478,42
1,93.353710,6.700478,38
0,93.353710,6.700478,38
1,95.581532,6.700478,35
0,88.883519,6.700478,35
0,471.695643,6.700478,49
1,109.940488,6.700478,49
0,109.940488,6.700478,49
1,81.851040,7.035502,35
0,271.707351,7.035502,35
1,70.801214,7.035502,35
1,81.470067,7.035502,21
0,0.000000,0.000000,33
0,366.280089,7.035502,33
1,134.137467,7.035502,33
0,380.721965,7.035502,42
1,133.524538,7.035502,42
1,116.941012,7.035502,45
0,99.790261,7.035502,45
0,379.764683,7.035502,42
1,91.313256,7.035502,42
0,120.987006,7.035502,42
1,71.716962,7.035502,43
1,108.978468,7.035502,35
0,0.000000,0.000000,34
0,345.614556,7.387277,34
1,138.790200,7.387277,34
1,106.604304,7.387277,47
0,0.000000,0.000000,29
0,338.146267,7.387277,29
1,87.107918,7.387277,29
0,342.702791,7.387277,30
1,147.617030,7.387277,30
0,369.635354,7.387277,50
1,118.539607,7.387277,50
1,128.599830,7.387277,42
0,0.000000,0.000000,46
1,97.705623,7.387277,46
0,0.000000,0.000000,48
1,100.739000,7.387277,48
0,0.000000,0.000000,24
0,330.698314,7.387277,24
1,116.645156,7.387277,24
0,348.607272,7.387277,36
1,134.385379,7.387277,36
0,330.698314,7.387277,24
1,109.276447,7.387277,24
1,129.917650,7.387277,33
0,0.000000,0.000000,42
1,106.438807,7.387277,42
0,0.000000,0.000000,28
0,336.655007,7.387277,28
1,107.763104,7.387277,28
0,335.164570,7.387277,27
1,113.669217,7.387277,27
1,115.149146,7.387277,33
0,0.000000,0.000000,32
1,128.432800,7.387277,32
0,0.000000,0.000000,43
0,359.104668,7.387277,43
1,115.331142,7.387277,43
1,98.922446,7.387277,27
0,0.000000,0.000000,41
0,356.101886,7.387277,41
1,104.935301,7.387277,41
0,328.583561,7.387277,20
1,96.117553,7.387277,20
0,369.635354,7.387277,50
1,125.920695,7.387277,50
1,101.857265,7.387277,29
0,0.000000,0.000000,47
0,341.849530,7.756641,47
1,116.941409,7.756641,47
1,104.472699,7.756641,49
0,0.000000,0.000000,48
0,343.354912,7.756641,48
1,118.456575,7.756641,48
0,320.850702,7.756641,33
1,95.952875,7.756641,33
0,344.860973,7.756641,49
1,104.472699,7.756641,49
0,328.333135,7.756641,38
1,118.906508,7.756641,38
0,335.834962,7.756641,43
1,103.143287,7.756641,43
0,326.835054,7.756641,37
1,117.411885,7.756641,37
0,316.371125,7.756641,30
1,114.767911,7.756641,30
0,307.435716,7.756641,24
1,113.697383,7.756641,24
0,341.849530,7.756641,47
1,124.694791,7.756641,47
0,323.841262,7.756641,35
1,114.429615,7.756641,35
1,112.406815,7.756641,44
0,0.000000,0.000000,21
0,302.980586,7.756641,21
1,101.604045,7.756641,21
0,302.980586,7.756641,21
1,132.526445,7.756641,21
1,96.332696,7.756641,28
0,0.000000,0.000000,49
1,81.230556,7.756641,49
0,0.000000,0.000000,49
0,344.860973,7.756641,49
1,112.222638,7.756641,49
1,112.222638,7.756641,49
0,0.000000,0.000000,35
0,323.841262,7.756641,35
1,98.920617,7.756641,35
1,115.428013,7.756641,46
0,0.000000,0.000000,36
0,325.337759,7.756641,36
1,92.653968,7.756641,36
0,335.834962,7.756641,43
1,110.899165,7.756641,43
0,328.333135,7.756641,38
1,111.150160,7.756641,38
0,311.899350,7.756641,27
1,71.671096,7.756641,27
1,107.421084,7.756641,25
0,0.000000,0.000000,28
1,93.623295,8.144473,28
0,0.000000,0.000000,36
0,227.606722,8.144473,36
1,129.879657,8.144473,36
1,100.291350,8.144473,38
0,0.000000,0.000000,48
0,216.314817,8.551697,48
1,122.274610,8.551697,48
0,204.277831,8.551697,40
1,144.415954,8.551697,40
0,190.830896,8.551697,31
1,105.357009,8.551697,31
0,192.319433,8.551697,32
1,141.024390,8.551697,32
0,189.343860,8.551697,30
1,72.719267,8.979282,30
0,171.992449,8.979282,39
1,109.137897,8.979282,39
1,88.455282,8.979282,25
0,0.000000,0.000000,30
1,95.767365,8.979282,30
0,0.000000,0.000000,42
1,106.458023,9.428246,42
0,0.000000,0.000000,28
1,132.730237,9.428246,28
0,0.000000,0.000000,21
1,94.289617,9.428246,21
0,0.000000,0.000000,30
1,135.686710,9.428246,30
0,0.000000,0.000000,24
1,108.034671,9.428246,24
0,96.566410,9.428246,24
1,145.307759,9.428246,49
0,105.052268,9.428246,49
1,103.453326,9.428246,40
0,0.000000,0.000000,27
1,140.673051,9.428246,27
0,116.470513,9.428246,27
1,118.903082,9.428246,25
0,0.000000,0.000000,30
1,131.918046,9.899658,30
0,118.041444,9.899658,30
1,150.490893,9.899658,49
0,109.181324,9.899658,49
1,105.200355,9.899658,32
0,0.000000,0.000000,37
1,181.928072,9.899658,37
0,0.000000,0.000000,41
1,128.524913,9.899658,41
0,105.344657,9.899658,41
1,138.448889,9.899658,21
0,127.921205,9.899658,21
1,130.027786,9.899658,42
0,105.144566,9.899658,42
1,175.461234,9.899658,26
0,125.032996,9.899658,26
1,155.223719,9.899658,39
0,117.680629,9.899658,39
1,117.250472,9.899658,20
0,123.571645,9.899658,20
1,115.625363,9.899658,39
0,0.000000,0.000000,46
1,136.057019,9.899658,46
0,104.579693,9.899658,46
1,109.188917,9.899658,28
0,110.000074,9.899658,28
1,125.524936,9.899658,39
0,105.814604,9.899658,39
1,111.142279,9.899658,36
0,0.000000,0.000000,20
1,77.869394,9.899658,20
0,0.000000,0.000000,48
1,99.505738,9.899658,48
0,0.000000,0.000000,28
1,89.426135,9.899658,28
0,97.000084,9.899658,28
1,100.774482,9.899658,29
0,103.512798,9.899658,29
1,119.291706,9.899658,48
0,92.068879,9.899658,48
1,129.186223,9.899658,48
0,0.000000,0.000000,50
1,102.547276,9.899658,50
0,0.000000,0.000000,36
0,0.000000,0.000000,31
0,570.267755,5.250000,31
0,334.030313,5.250000,31
0,97.853526,5.250000,31
1,71.641468,5.250000,31
1,111.470007,5.250000,26
0,102.220656,5.250000,26
1,93.442830,5.250000,28
0,126.348971,5.250000,50
1,94.881834,5.250000,50
1,61.074238,5.250000,20
0,346.000361,5.250000,39
0,97.938776,5.512500,39
1,92.426352,5.512500,39
0,311.900650,5.512500,32
1,74.944322,5.512500,32
1,89.623519,5.512500,27
0,90.229417,5.512500,27
1,77.314117,5.512500,41
0,77.314117,5.512500,41
1,62.165751,5.512500,27
1,65.541542,5.788125,37
0,0.000000,0.000000,39
0,558.034599,5.788125,39
0,297.569170,5.788125,39
1,83.409624,5.788125,39
1,107.511182,5.788125,24
0,127.836815,5.788125,24
1,96.143870,5.788125,32
0,116.089303,5.788125,32
0,285.604203,5.788125,31
1,88.886482,5.788125,31
0,111.366139,5.788125,31
1,89.438278,6.077531,38
0,78.719955,6.077531,38
1,97.642000,6.077531,40
1,87.624425,6.077531,42
0,110.136892,6.077531,42
1,49.560538,6.077531,20
0,490.313567,6.077531,39
1,83.120223,6.077531,39
0,165.127382,6.077531,41
1,86.120170,6.077531,41
0,136.762084,6.381408,33
1,66.613816,6.381408,33
0,467.910657,6.381408,35
1,91.435101,6.381408,35
0,127.811868,6.381408,38
1,76.763208,6.381408,38
0,476.904240,6.381408,41
1,94.020839,6.381408,41
0,115.915843,6.381408,30
1,96.792961,6.381408,30
0,104.197369,6.381408,22
1,97.841363,6.381408,22
0,445.516222,6.381408,20
0,101.302735,6.381408,20
1,94.954584,6.381408,20
1,127.811868,6.381408,38
0,127.811868,6.381408,38
0,121.844894,6.381408,34
1,83.573372,6.381408,34
1,100.050748,6.381408,45
1,105.650441,6.381408,23
0,105.650441,6.381408,23
1,94.954584,6.381408,20
0,0.000000,0.000000,35
0,123.333297,6.381408,35
1,96.538419,6.700478,35
0,103.878442,6.700478,45
1,83.784226,6.700478,45
0,444.696946,6.700478,31
1,123.133479,6.700478,31
1,86.121683,6.700478,24
0,0.000000,0.000000,29
0,441.708420,6.700478,29
0,80.037551,6.700478,29
0,0.000000,0.000000,35
0,587.505319,5.000000,35
1,92.533778,5.000000,35
0,118.342723,5.000000,22
1,76.531039,5.250000,22
0,577.753462,5.250000,36
1,84.273736,5.250000,36
1,90.317842,5.250000,33
0,0.000000,0.000000,45
0,331.384430,5.512500,45
0,83.350001,5.512500,45
1,55.806026,5.512500,45
1,78.818844,5.512500,42
0,83.350001,5.512500,45
1,72.330717,5.512500,45
0,586.958797,5.512500,50
0,338.911885,5.512500,50
1,78.568633,5.788125,50
1,92.665497,5.788125,33
0,102.815399,5.788125,33
1,106.232228,5.788125,31
0,123.087030,5.788125,31
0,312.601141,5.788125,49
1,86.948401,5.788125,49
1,87.341585,5.788125,26
0,117.328044,5.788125,26
1,119.058455,5.788125,24
0,126.843412,5.788125,24
1,86.602644,6.077531,32
0,75.404470,6.077531,32
1,117.461703,6.077531,37
0,119.771275,6.077531,37
1,73.965346,6.077531,41
0,150.194053,6.077531,31
1,113.750483,6.077531,31
0,470.865347,6.077531,26
1,130.659208,6.077531,26
1,69.890508,6.381408,24
0,0.000000,0.000000,22
0,448.494289,6.381408,22
0,104.197369,6.381408,22
1,91.488893,6.381408,22
1,132.697842,6.381408,37
0,126.316863,6.381408,37
1,107.174230,6.381408,37
1,125.253251,6.381408,32
0,118.875273,6.381408,32
0,470.906367,6.381408,37
0,126.316863,6.381408,37
1,94.412834,6.381408,37
0,145.893660,6.381408,50
1,107.635705,6.381408,50
0,144.378102,6.381408,49
1,86.991754,6.381408,49
0,114.440198,6.381408,29
1,88.952522,6.381408,29
1,83.121377,6.381408,25
0,129.308923,6.381408,39
1,97.402201,6.381408,39
0,482.910449,6.381408,45
0,138.330549,6.381408,45
1,80.913916,6.381408,45
1,93.855713,6.381408,28
0,118.875273,6.381408,32
1,99.743970,6.381408,32
0,464.917153,6.381408,33
1,86.876097,6.700478,33
0,112.079270,6.700478,39
1,85.277708,6.700478,39
0,94.849672,6.700478,39
1,81.448932,6.700478,39
0,467.183809,6.700478,46
1,112.088986,6.700478,46
1,103.243769,6.700478,22
0,93.022547,6.700478,22
0,449.184195,6.700478,34
1,100.793966,6.700478,34
0,90.370488,6.700478,36
1,76.973385,6.700478,36
0,438.722331,6.700478,27
1,117.231561,6.700478,27
0,104.287677,6.700478,27
1,96.570564,6.700478,22
1,74.748592,6.700478,39
0,0.000000,0.000000,38
0,455.175276,6.700478,38
1,79.953652,6.700478,38
1,77.750837,6.700478,32
0,0.000000,0.000000,49
1,94.879053,7.035502,49
0,0.000000,0.000000,21
0,348.392914,7.035502,21
1,116.479850,7.035502,21
0,356.037615,7.035502,25
1,122.321940,7.035502,25
1,100.101000,7.035502,29
0,0.000000,0.000000,31
0,363.291238,7.035502,31
0,0.000000,0.000000,31
0,374.527035,4.000000,31
0,230.543922,4.000000,31
0,86.616973,4.000000,31
1,66.652082,4.000000,31
0,57.675818,4.000000,31
1,77.501613,4.200000,39
0,52.702372,4.200000,39
1,59.612415,4.200000,26
1,65.807598,4.200000,38
0,70.944062,4.200000,35
1,66.746835,4.200000,35
0,228.744268,4.200000,49
1,81.823835,4.200000,49
0,77.630535,4.200000,49
1,62.948392,4.200000,25
0,206.221822,4.200000,34
1,67.666535,4.200000,34
0,63.134776,4.200000,34
1,83.003555,4.410000,43
0,339.303579,4.410000,32
0,180.564311,4.410000,32
1,52.781786,4.410000,32
1,88.324708,4.410000,49
0,171.519042,4.410000,31
1,61.375191,4.410000,31
0,109.240743,4.410000,31
1,70.196892,4.410000,28
0,171.519042,4.410000,31
1,74.355795,4.630500,31
0,122.592523,4.630500,31
1,77.619786,4.630500,26
0,166.768724,4.630500,49
1,83.480374,4.630500,49
0,113.500000,4.630500,49
1,86.756263,4.630500,42
0,108.508249,4.630500,42
0,321.406389,4.630500,41
0,154.708808,4.630500,41
1,57.469675,4.630500,41
0,118.110161,4.630500,41
1,74.289099,4.630500,46
1,69.893938,4.862025,46
0,116.706804,4.862025,46
1,68.999690,4.862025,25
0,117.912275,4.862025,25
1,80.456800,4.862025,35
0,89.262324,4.862025,35
1,65.789461,4.862025,34
0,102.532650,4.862025,34
1,66.041137,4.862025,43
0,102.845231,4.862025,43
1,71.010474,4.862025,30
0,134.354250,4.862025,46
1,70.587879,4.862025,46
1,73.117014,4.862025,38
0,87.224475,4.862025,38
1,70.091621,5.105126,34
1,66.409989,5.105126,27
0,65.894275,5.105126,27
0,172.064592,5.105126,31
1,70.047906,5.105126,31
0,104.825661,5.105126,31
1,97.499003,5.105126,45
0,133.811693,5.105126,42
1,98.077171,5.105126,42
1,63.495349,5.105126,29
0,356.041797,5.105126,37
0,126.316863,5.105126,37
1,67.360451,5.360383,37
0,338.570195,5.360383,33
0,97.397795,5.360383,33
1,81.329087,5.360383,33
1,82.465304,5.360383,27
0,77.122756,5.360383,27
0,77.122756,5.360383,27
1,71.782868,5.360383,27
1,66.446279,5.360383,27
0,87.399857,5.360383,34
1,60.620719,5.360383,34
0,87.399857,5.360383,34
1,71.330321,5.360383,34
0,336.065941,5.360383,39
1,82.789003,5.628402,39
0,82.789003,5.628402,39
1,64.177222,5.628402,23
0,59.292733,5.628402,23
1,94.059171,5.628402,21
1,69.924363,5.628402,39
0,60.431141,5.628402,39
1,108.606026,5.628402,46
0,99.120654,5.628402,46
0,295.504767,5.628402,28
1,64.957078,5.628402,28
0,63.142318,5.628402,28
1,67.538526,5.628402,22
0,80.180848,5.628402,22
1,88.870620,5.909822,40
1,59.959503,5.909822,29
0,81.587566,5.909822,29
1,83.074602,5.909822,49
1,75.362456,5.909822,40
0,93.662634,5.909822,40
0,549.560067,5.909822,37
0,283.620007,5.909822,37
1,82.695705,5.909822,37
1,101.770995,6.205313,44
0,104.377253,6.205313,44
1,117.827488,6.205313,47
0,140.858161,6.205313,34
1,85.031333,6.205313,34
0,123.155503,6.205313,22
1,86.066195,6.205313,22
1,72.369366,6.205313,38
0,0.000000,0.000000,32
0,472.930021,6.205313,32
0,137.884243,6.205313,32
1,75.878587,6.205313,32
1,102.778970,6.205313,25
0,136.400461,6.205313,31
1,92.997958,6.205313,31
1,73.735033,6.205313,22
0,0.000000,0.000000,33
0,474.426016,6.205313,33
0,139.370165,6.205313,33
1,102.154309,6.205313,33
1,95.952875,6.205313,33
0,139.370165,6.205313,33
1,87.271794,6.515579,33
0,444.230801,6.515579,24
1,92.663503,6.515579,24
0,92.663503,6.515579,24
0,119.321712,6.515579,42
1,99.775797,6.515579,42
0,108.846235,6.515579,35
1,82.792961,6.515579,35
1,96.275983,6.515579,44
1,92.282977,6.515579,37
0,0.000000,0.000000,43
0,472.661141,6.515579,43
0,120.826832,6.515579,43
1,75.223429,6.515579,43
1,107.796801,6.515579,43
0,98.500431,6.515579,28
1,85.497157,6.515579,28
0,463.661187,6.515579,37
0,111.827582,6.515579,37
1,85.768325,6.515579,37
0,104.394182,6.515579,32
1,78.357370,6.515579,32
0,116.317521,6.515579,40
1,90.255207,6.515579,40
0,92.663503,6.515579,24
1,86.174088,6.515579,24
1,91.214430,6.515579,23
0,91.214430,6.515579,23
0,97.035470,6.515579,27
1,71.053145,6.515579,27
